add,use,put,make,do,take,get,go,clean,give
add in your cumin,use one avocado,put it on my cheekbones,make a little bedtime snack,do more morning routines or videos of this sort,take a fork or a whisk,get water all over my back,go out back into my bedroom,give it a good clean,give it that little pop of extra flavor
add a little bit of honey,use a blender,put them in the basket in the laundry,make my absolute favorite green smoothie recipe,do a diy planner,take any extra time out of your morning,get them out,go up to the playroom,clean like a boss for the top of the stove,give it a thumb up
add some healthy greens the flavor of the arguer,use as a body wash,put on your favorite toppings,make from a great herbal shop,do things like that,take the whisk,get rid of some of the products,go back to the couch,clean off the table,give it a quick shake
add a capful of vanilla extract,use rocks,put some really light things on the shelving like a few towels,make your own rain stick with a few supplies,do one eye on camera,take time for yourself,get packaging,go from the windows,clean it perfectly with water,give it a good clean
add essential oils onto the top of it,use oats,put my frame in place,make a great shower door cleaner,do for my skin,take a handful of my baby spinach,get on into it,go to hairspray my hair in a couple of spots,see a nice clean sink,give it a little bit of crispness
add some frozen berries like strawberries blackberries blueberries,use one from an aluminum foil roll,put it in a bowl,make like a tiny little triangle on the outer third of my eye,do tie off the two ends,take a bucket,get some food,go back with the p ranade eyeshadows,clean those up,give it a little bit of a whisk
add some peanut butter,use a plastic scraper,put things like pretzels,make good natural lip balms,do a quick vacuum through there,take one full scoop,get ready for the day shower first thing in the morning,go like a little burrito,stay clean,give that a little mix
add their toys,use this coconut water shampoo,put on a face mask,make one of my favourite easy meals,do either upper body weights or lower body weights,take the seed out of the avocado,get a little spa treatment,go into my system,clean surfaces,give all the information
add whatever seasonings,use the magic foundation by charlotte tilbury,put about half of the mixed berries in here,make an arrangement,do an entire video about my planning process,take the butternut squash,get a glass bowl,go gaga for this,clean up after dinner,give it a good shake drizzle it all over your salad
add half a cup of sliced strawberries,use a little bit of soy milk,put the membrane on the valve,make some moss arrangements,do when it,take it over the top,get that at lush,go straight into bed,clean up your house,give it a good crust on top
add a pinch of sea salt,use this really pretty teal color,put it into a solo cup or a plastic cup,make it smoother,do our own thing for a few hours,take a shower,get all the dirty dishes into the sink,go to dust down my bookshelves,clean my sink out with some regular soap,give it an eggy flavor
add in your fresh herbs,use kale base for my salad,put a card in there,make enchiladas,do in under five minutes flat,take a greased cookie sheet,get my notebook,go as well,do a big clean of my kitchen,give it a couple hours
add one teaspoon of pure maple syrup,use strawberries,put some things away on our counters,make again,do a little bit of eyeshadow,take a paper towel,get all of those,go on my phone for a bit check instagram twitter snapchat youtube comments,clean off the mat,give everything a nice
add my essential oils,use plain water too,put five drops of each oil in there,make my smoothie recipes,do as much mascara,take your two eggs,get your greens,go through our ingredients,keep my teeth really clean,give a little milliliter amber glass bottle
add some slice bananas one cap full of vanilla extract a dash of cinnamon,use it on your dog,put a little bubble bath in there,make a bunch of candles for a very little cost,do it on a tiny budget,take a bunch of lemons,get your fruits,go over the front,give your house a good spring clean,give me that little afternoon perfectly sometimes
add the red onion cilantro the spinach garlic my jalapeno pepper spices lemon juice,use the blueberry flax by nature path,put it in my french press,make this omelet for an easy lunch or dinner,do this mud mask,take them in my hand,get yourself ready for the super busy day ahead,go into four different ziploc bags,clean the toilets,give this video a thumb up
add in your butter lettuce,use almond butter or natural peanut butter,put them in the food processor along with two tablespoons of tahini,make that math homework a little less painful,do a little bit of every room,take my rag,get the dishes,go with six cloves,clean up the living room,give that another quick
add two tablespoons of raw cacao powder,use the method toilet bowl cleaner,put cashews on top,make some shelving,do my hair in that case,take everything off of the glass with a little bit of elbow grease,get like tuna salad consistency,go ahead in your crock pot or slow cooker,clean off my dining table this morning,give it a taste test
add another score or two,use it on my face,put that into silicone molds,make these recipes in bulk,do a big clean of my kitchen,take some almond butter,get long pieces of wood,go into my living room,clean out my sink,give her a lunchbox
add in some water grainy dijon mustard garlic lots of it raw hemp hearts lemon juice fresh cilantro,use a little bit of mascara,put on some concealer,make a cooling foot cream,do it in one load,take those out after about minutes,get ready from,go to dice it into cubes,clean the bathtub,give me like spa treatment facial vibe a mini spa treatment at home
add a few frozen strawberries,use colored tape,put the lid back on,make a bed in the morning,do something for yourself each morning or something for yourself each day,take me less than minutes,get these veggies,go to my laptop,clean the surface of my kitchen,give that scent
add in some whole fresh organic strawberries,use a pie,put on a bit of makeup,make these delicious,do it together,take a tablespoon of this,get a cleaning routine,go to roast some baby potatoes,mirror clean,give it an even more secure finished product
add my greens right to this same bag,use original kalamata olives,put on the lid or the top of the sandwich,make some tea this morning,do about a heaping tablespoon,take your castile soap,get fresh greens,go in any of the cabinetry,do the laundry clean up all the toothbrushes,give him two baked chicken breast pieces
add our second layer,use half the amount of the cinnamon,put as much as little as like,make a really nice little shelf like a checker shell,do this as quickly as possible,take out my planner,get to the stainless steel,go on my trace line,clean off the counters,give a thumbs up
add about a quarter cup of water,use almond butter or cashew nut butter,put something there,make my quick oats with pomegranate,do kind of conceals,take our lid off,get it all in,go to fry that in a pan over medium to high heat for a few minutes,clean this,give it a mix
add some raw unsweetened coconut flakes,use this tiny little brush,put away our pineapple juice,make this with the chocolate,do anything else,take a dremel,get my dragon towel,go to mash up the avocado,clean off my skin,give everything a vacuum
add about of a cup of water,use my dish soap,put my lunch into my bag,make super quick chicken tacos,do a little bit of our cream,take our pot off,get several free cleaning products with your first order,go under the hair,clean for them,give it a good whisk
add about a teaspoon of pure vanilla extract,use my honest beauty younger eye cream,put this in a container,make for yourself as a special treat,do a couple of grains,take some walnuts,get a bit tangle in the night,go really nicely with peanut butter,do a clean with me,give specific compartments
add some greens,use pasta,put it in a double ziplock bag,make your own salad dressings,do a quick of my stove,take off your shoes,get a little bit of freshener in the morning,go to dice this red bell pepper,clean up all of their legos,give this little guy an eye
add a little bit of vanilla extract,use some cardboard,put those things away,make the overnight oats extra creamy,do all my other cleaning,take my prenatal one my vitamin d,get everything nice,go by dinner,cleanse my skin with the clean oil,give it a good massage with your hands
add about one teaspoon of vanilla extract,use one cup of unsweetened almond milk with some spinach,put everything back,make it smell nice,do it on the other side,take place in the back of a cab,get a coconut milk version ice cream,go palette by makeup forever,clean your own homes,give your kitchen that showroom
add in cilantro green onion red onion red pepper,use half a cup of frozen blueberries,put this stuff away,make an extra batch of this one,do a pasta sauce with hidden veggies,take an additional piece of yarn,get ready in the morning,go into my office my life,clean my body with my exfoliate gloves,give it a little bit of a vacuum
add a pinch of ground vanilla powder,use a little wooden stick,put the melted ingredients inside of that,make the base of our slime start with three tablespoons of white glue,do one half,take all of the parts out,get some water on my face,go for the apple of my cheek it my lip color,clean the floor it,give him one
add a full cup of banana,use half a cup of strawberry slices,put some oil on it,make a lot of different cleaning supplies for very affordable prices,do some body brushing,take off any excess,get toothpaste all around my mouth,go perfectly with the cookie,clean around the house,give it a nice angled cut
add portobello mushrooms,use something to kind of even out my skin tone the little tiny bit of melasma,put in one part dish soap to one part of white vinegar mix it up,make sure that sweep,do my no makeup makeup look,take barely any time to dry,get my dyson,go with the comb towards your head,clean our stainless steel,give a little bit more sweetness
add in some frozen blueberries,use the viewfinder as a mirror,put a cover on it,make my favorite protein shake,do the laundry clean up all the toothbrushes,take the edge off,get our dinner dishes,go to my gym,clean wipes,give these as a gift
add some olive oil a little bit of apple cider vinegar,use a skin brush,put our garlic,make a lactation support smoothie,do here,take my ezekiel toasts,get granite countertops,go into the outer crease in the outer corner with sepia,do a quick clean over,give it a try
hammer in anchors for add support,use my bag,put boxes,make a creamy cheesy yellow squash sauce,do my clothes,take toys,get rid of all the dirt,go really quickly,clean under my desk,give them a little bit of saute
add in my dry ingredients in a sifter,use half or the full,put it over a medium low heat until the peanut butter,make sure the water,do a clean with me,take my coconut milk yogurt,get out a muffin pan,go in with my brie cheese,hang it clean against the wall,give it a big thumbs
add the avocado right into my blender,use a product,put the dishwasher on,make dinner for the kids,do as always,take oatmeal to the next level,get right into the recipe,go like a file system into your deep freezer,clean all over my house,give very fluffy
add some liquid stuff,use this serum here,put things away,make it more palatable,do with this room,take some bake sheet,get them these matching sheet sets,go straight into this little box bin thing near the front door,clean the countertops,give your house a good spring clean
add your stock or stock concentrate,use ground cinnamon,put a lid on top kind of speed up the process cuz coconut flour pancakes,make with real wholesome foods,do a quick over our floors,take a bit of that,get some of your favorite bread some big lettuce like spinach or romaine,go into the bathroom,clean the shower doors,give it that extra little something
add the coconut milk yogurt,use another good cooking oil,put two thirds of a cup of water,climb into a freshly make bed,do about half a teaspoon,take a long time,get some healthy carbs good fats,go through the house,clean up right after,give your skin that healthy glowy look
add it to the pan,use myself scott,put a few things away,make diy body butters,do a little bit of journal,take them to a donation center,get everything vacuum,go to real school,clean up breakfast dishes from the sink,give my hair a brush
add egg whites,use microfiber cloths,put some cc cream on this,make breakfast my favorite breakfast,do a quick clean over,take the jack daniels label off,get rid of for me outer order,go to town with whatever your favorite toppings,put away all of our clean dishes,give it another quick
add all your veggies to a massage scale,use the banana,put them both in a little bowl maple syrup,make perfect pumpkin pancakes,do both,take my neutrogena natur fresh facial cleanser,get into something a little bit more snuggly,go a long way,clean the bathroom,give three amber glass bottles
add a little pinch of cinnamon,use ground chia seeds,put whatever veggies,make an entire video about it,do some balsamic olive oil little bit salt,take a dry cloth as well,get super creative with the shape of your pan it a layer of ice cream,go from the crease,clean it out,give guys the very request summer morning routine
add under cups of water,use kosher salt,put my roasted red pepper on there,make my three creamy and delicious detox salad dressings,do anything with my makeup,take them out,get a lot of questions about our wood flooring,go through the motions of dinner planning,get it clean,give it up a lemon cashews brown rice fettuccine
add this into a handy dandy little mason jar,use a creamer,put product right on it,make your bed every morning,do a light surface cleaning of your kitchen,take that coffee,get any dishes in our sink,go over to my window,use my hose extension to clean inside of them,give them a really nice full look
add some fresh basil,use my lysol wipes,put some soft scrub on the area,make these pumpkin protein,do my skincare routine,take a few minutes,get it clean,go to kind of swirl that around,clean them,give the kitchen a little bit of a clean over
add a little bit of almond milk,use essential oils,put over my kids cribs,make it from scratch,do one coat,take the kale,get off any excess moisturizer or oils,go to first start by and shred up your kale,keep them clean,give my hair a bit of a shake
add half a teaspoon of pure maple syrup,use a carrot,put away all those bags,make him some breath cookies,do silk plants,take off the cushions,get rid of any knots,go in with this mac brush,keep everything clean,give me a little highlight there on my nose
add water,use the spices,put some new sheets on their bed,make an effort,do by dinner,take a little bit of time,get into my favorite dinner recipes,go on my nightly walk,make the bedroom look really clean,give everything a really good shake
add half a cup of oats scoop of vanilla protein powder,use the mineral spring water mist,put it with some water,make a little bit of a mess back on my desk with like no cards pens,do seasoned it up with a little bit of pepper,take baths,get rid of some clutter,go on the bed,do an actual deep clean,give guys all of the best tips
add a little bit more underneath my eyes,use a little bit of gorilla glue to temporarily glue the pieces onto the chalkboard,put it in your living room,make this recipe,do a monster rock,take all of the dirty stuff,get that along with most of my other cleaning products from girlf collaborative,go back upstairs,do the deep clean,give in my face
add some nice raw fruit to your breakfast,use a lime,put it through my garlic press,make the cal drake concentrate cleaner,do anything special with my hair,take two tablespoons of that,get ready for dance,go back into this eyeshadow palette,clean up my bed,give it a good mix
add a big scoop of salsa to the cheesy sauce,use this honest beauty in the shade treaty magnetic heather mauve,put cups on it,make a quick peanut sauce,do this in scrub vigorously,take that upstairs,get my makeup,go to the drugstore,clean the kitchen every day,give this a thumb up
add that teaspoon of spirulina powder a full tablespoon of nutritional yeast,use any kind of milk,put in a ziploc bags,make the smoothie really refresh,do a quick little dab of honest beauty magic balm to some on my lips a tiny little dab around my eyes,take a cloth,get some bulk bin stuff,go down here brown rice spaghetti,clean my skin,give it a really good shake
add a bit of avocado to my green smoothies,use a sprayer,put your pasta,make out of a pool noodle instant tape,do on the eyes,take your tube,get on with my admin work,go on netflix,inspire to clean,give it a good vacuum
add to my home,use a nut bag,put oils,make this vegan lunch meal prep,do smoothies or salad,take charge of your fertility,get all the chunks of almond out,go in for a bite,clean the sink now,give it a like
add about half a cup of water,use cream as a highlight,put on the trashy tv,make a garden bed,do the knobs with the bottle cleaners,take my phone upstairs,get pizza,work or go to school,clean up our playroom,give sustained energy throughout the day
add a little bit of sweetener,use dream cream all over my body,put on my moccasins,make it yourself,do the granite countertops,take our scissors,get crispy on all the sides,go on instagram for like a minute or two,lay out your clean asparagus onto a piece of foil top that with your fresh salmon note,give a really good coating to your mushrooms
add my water today,use this older bag,put some chocolate chips,make one yourself,do a nother diy video for around the house,take your oats,get some protein,go in the oven,clean the outside of the toilet,give this one a try
add your salt,use this brush,put some lavender in there,make sandwiches in advance,do an actual deep clean,take this kendra volume spray super,get my coffee ready,go around my neighborhood,clean with on the glass,give our oatmeal a nice creamy consistency
add your veggies a few canned ingredients your barley,use the pure in nada natural cosmetics eyeshadow palette,put everything like your handbag your books your diaries,make it a little bit creamier,do custom blends,take magnesium,get yourself some disposable pans,take it with on the go,clean my kitchen,give it a yellowy color
add some healthy fats to my salad,use the bare minerals,put on my hat,make vegetable fajitas,do the dishes,take out your blender,get those cobwebs,go to bed,clean off my entire office space,give it a sweep
add half a cup of cook quinoa,use a nonstick pan to two minutes on each side,put your oats right in there,make slime with kids,do the deep clean,take it with on the go,get a few more pieces of wood,go over to my desk,clean once,
add tablespoons of dry whole rolled oats,use parsley or basil whatever herbs,put in our frozen banana,make a protein shake,do a few things each morning for last few months,take our berries,get off my makeup,go outside for a second,clean out a shower or tub,
add about a third of that package of the silken tofu into a nonstick pan,use paper towel all the way around,put on this cool velcro headband,make my veggie spreadeth sandwich with a kale salad on the side with some of my dill tahini,do the full face,take my wild bear jam,get my hands in there,go on a walk,round it out with clean my floor,
add a little bit of turmeric to my scramble,use my switch our water,put coconut oil on my lips,make it really vibrant lee green,do this one outside cramps,take the quinoa over to the stove,get the salad bar like the buffet bar,go right,clean up all the edges,
add some of good protein,use soy products,put on my makeup,make everything look nice,do regular morning routine things,take one full banana,get my house back under control,go over each area two or three times,make my house look really clean,
add some natural sweetener,use almond or cashew nut butter,put picture frames or whatever,make my skin look really nice,do a detox this recipe,take your milk,get all of your soap,go upstairs in art service,see clean,
add my toppings,use a bowl,put the instructions,make a bomb or a lotion,do all of my foundation,take the shaker top hop,get really creative spread your cool hwhip on with a knife,go for really like this dark wood feel,clean up all of your dirty clothes,
add a half a teaspoon of spirulina powder,use like a wet cloth,put like a ton of greens on the bottom,make my bed in the morning,do some reading,take my fork back over,get them from walmart from amazon anywhere,go off to the dirty wash basket,clean up our upstairs area,
add of a cup of oats to a large mason jar,use a tiny little pinch of cayenne pepper or chili if like spicy food,put some lemon juice some olive oil a little bit of salt,make a bowl of pasta,do some skincare,take some of these on bob red mill,get into my robe,,clean up a space,
add a little bit of milk,use a roomba in this house,put that on with a brush,make a list with everything,do this particular makeup look,take the edamame beans,get up out of bed,,clean our toilets,
add a great texture to the salad,use the hydrating daily facial moisturizer,put about cup of the blueberries into the oatmeal,make your own bath salts with epsom salt,do this other ideas,take also about a tablespoon,get organize,,clean the glass,
add almond milk or water,use two teabags,put some powdered peanut butter,make tea in the evenings,do stuff throughout the rest of the week or the month,take along with me,get milk storage bags,,clean your face,
add shredded carrot,use that one lately,put the wall hooks into the wall,make chocolate chia pudding,do this to my back,take the garbage out,get my son ready for bed,,clean my apartment from top to bottom,
add to teaspoons of pure maple syrup,use a melatonin spray,put them on to the valve,make a really easy diy disinfectant with distilled water,do a little bit of bronzing,take a couple of tea spoons of the loose leaf tea into the center container of the tea,get the top all brown,,keep it clean constantly,
add some ingredients to a food processor,use to a super dark chocolate,put a few onto each little rest,make beef barley soup an amazing chicken,do a slime segment on the today show icon,take your whole almonds,get some more,,use the gentle clean gel,
add some salt to the sauce,use two flat teaspoons of cacao powder,put in a good mood,make in a few wood pieces,do in the morning,take every single night before,get some greens out some um a head of romaine,,give the kitchen a little bit of a clean over,
add half a cup of coconut of a cup of flaxseed,use mango or the banana,put my little christmas slippers on,make ahead surprisingly peanut butter,do like quite a lot of maple syrup on these a little,take the saucepan over to the stove,get a little bit of inspiration,,clean the counters,
add some kosher salt,use the hazelnut or vanilla one,put about a spoon for each pancake,make myself a quick smoothie,do my meal prep,take that with a nice big glass of water,get all your nuts,,look clean,
add some thyme,use a little tiny bit of essential oil,put my clothes away,make in a better mood for the day,do kind of like another vlog,take my chia seeds,get a little water on your skin,,clean with your steam,
add some vegetable bullion,use the naked palette the good old naked palette in the color buck,put some paper towel on top of it,make myself breakfast,do it all on a budget,take no more than three to five minutes to kind of heat up,get this at the dollar tree,,do a proper kitchen clean,
add a little bit of essential oil to the pad,use a little bit of water,put the package in there,make chicken for dinner,do on my other eye,take some extra maple syrup,get me physically out of bed,,clean up the toy room,
add my vegetables,use baby tomatoes,put my meal together,make zucchini,do with that glow,take this random mascara brush that,get some lemon juice all over that avocado mixture lemon,,clean some ovens,
add some unsweetened balsamic vinegar some black pepper,use the loreal volume,put my favorite trail mix,make this vegan chickpea tuna salad,do some exfoliation of my body,take all their toys upstairs,get a bit overwhelming,,,
add some of my corn beans,use this for the bottom of their feet when it like a whip body cream,put all the condiments between the cheese,make it a bit thicker,do this with one hand,take my camera around with me,get presley these peppers,,,
add one flat tablespoon of unsweetened almond butter,use our roomba upstairs today,screw the top on put your favorite soap,make it through both pieces of wood,do a little bit of a tidy up,take my pot over to the counter,get them even,,,
add a few ice cubes,use my drill,put away all of our clean dishes,make myself tacos,do a collab with jt,take a nice big scoop of that,get in another glass of water,,,
add the kale in there,use shea butter coconut oil,put down,make those three breakfasts with me,do anything to my hair,take with me into a container,get my greens for the day,,,
add some mascara,use my mixed nature face cream,put on my awesome pink slippers,make this sandwich,do all those kinds of things,take showers at night,get home,,,
add healthy protein,use quarter to half a cup of water,put a lid on top pop it in the refrigerator overnight,make yourself a cup of tea,do other spots of the house,take a staple gun,get some ideas,,,
add in your ripe avocado,use any sweetener almond butter cinnamon nutmeg,put it in for minutes,make a veggie sandwich,do tips,take off the bedding from our guest bed,get your egg mixture together in a separate bowl,,,
add some crack pepper on the avocados,use a clear mascara gel,put on the left side,make some pumpkin spice,do some sauce,take the rosemary out,get a nice sizzle,,,
add our veggies,use my honest beauty everyday moisturizer,put a large container of this aside,make this with oats,do all of my emails,take our fruit,get the green color,,,
add spice to mine after the fact,use the steam mop every day,put fabric softener,make yourself a banana strawberry peanut butter smoothie,do on the right foot,take a comb,get your tomatoes in a glass jar versus a stock,,,
add a dash of vitamin e oil some cinnamon essential oil clove essential oil,use next we,put my salmon on the tray spray both of those down with a little bit of olive oil,make a snack for myself,do a roast chicken breast,take my dog to dog beach,get there,,,
add the full avocado,use my favorite cleaner,put them on this grate,make sure that my hair,do a face mask,take our two eggs,get on the walls,,,
add in my greens,use some edamame hummus,put the full recipes with a calorie breakdown for everything,make a pretty large,do a little bit of a wing,take construction paper,get everything together,,,
add flavor,use a traditional ice pack,put about ounces of milk in my milk frother,make their beds in the morning,do it ourselves,take my jacket off,get things nice,,,
add that after once the oil,use a dish cleaning,put about half a cup of chia seeds in your container,make it a little sweeter,do it for five minutes,take an pill,get on top of them that fluffy rug on my floor,,,
add cup of water to a blender,use this mascara from sigma as an eyebrow gel,put away things,make a succulents,do this in the morning before your workout,take the heart cake out of the freezer,get it nice,,,
add a handful of baby spinach to the sauce,use a little bucket,put a little bit of bar keeper friend,make beautiful things for my family on a budget,do my makeup,take my hair out of these braids,get through all of these products,,,
add some cilantro on top,use sweetener,put my hair in two braids,make your life a lot easier,do any time,take two eggs,get this full healthy chocolate blueberry pancake grace,,,
add whatever essential oils,use a dry dryer sheet,put this on my brow bone,make healthy chocolate overnight oats teaspoon of pure maple syrup optional,do a little bit more work,take my hair out of the braids,get messy,,,
add about a third of a cup of chicken stock,use a like a tongs or something like it,put some hyaluronic acid serum on my face,make a tofu quiche,do a very light brushstroke,take advantage of them,get a little bit of decor,,,
add one cup of baby tomatoes,use lavender essential oil in my diffuser,put that right over top,make in heaven then we everything for the salad,do over the double boiler,take some feta cheese,get out of bed,,,
add a few scores of liquid glycerin,use with hummus,put this all over my eyelids,make the bedroom look really clean,do a really really really quick stretch,take these top pieces,get the zest of one lime wash,,,
add a few drops of essential oil into my drain,use half or full banana,put into the wash machine,make homemade almond milk,do a video on my smoothie preps for the week,take my knife,get like cards from the dollar tree,,,
add that to a bowl,use the cc cream,put our toothbrushes inside,make my basic chia pudding recipe,do every single day,take a scrub brush,get right into the corners,,,
add about seven,use that with a scrubber,put small balls on a baking sheet,make it a little fuzzier,do greek yogurt,take longer,get some fresh flowers,,,
add some cayenne pepper garlic powder,use bare minerals best skin concealer,put that right on,make entirely new food,do this in their home,take on this smooth creamy,get back into bed,,,
add a small pinch of paprika or a little pop of extra flavor,use those roll ons,put distilled water,make something hearty,do it super carefully,take my sheets off,get your wood cut,,,
add in your banana deliciousness mixture,use ground vanilla powder,put honey on my oatmeal,make your bucket list,do my hair everyday for dance,take two pieces,get healthy in your diet,,,
add a lot of other ingredients,use about half a teaspoon,put some wedge by mac in the crease of my eyes,make a diy lactation support cooking mix,do a collab with that,take the cardboard,get ready for back to school,,,
add a couple pieces of fresh corn,use the cinnamon,put it in your bowl,make a healthy blueberry smoothie,do my hair for dance,take out the rubbish,,,,
add the sauce,use one full banana,put the dry shampoo,make a cup of tea,do a declutter,take off any extra moisture,,,,
add them into recipes like this one,use this champagne gold color,put your ponytail in between the two slots,make the smoothie really creamy,do two tablespoons of that,take a quick shower,,,,
add your honey,use the coupon code health,put on top of the salmon,make the waffles,do it on a dime,take my dance bag,,,,
add some fresh cucumber slices,use it on my refrigerator,put some flowers in there the seafoam vase,make long ones,do that every single day,take our cook oatmeal,,,,
add two tablespoons of olive oil the garlic,use a premade,put them in a bowl,make a little effort with your hair,do my hair as well,take this sea glass it,,,,
add of an avocado,use three parts greek yogurt,put a concealer under my eyes,make an ice cream cake,do measure,take them over to the saute pan,,,,
add them to a plate,use my ghd,put it on a plate with some peanut butter,make a small effort with your outfit,do art projects,take the opportunity,,,,
add more tomato basil sauce,use the vitamin c peel pads for my face,put in your bathroom,make sure that my space,do a proper kitchen clean,take them all out,,,,
add a quarter of a onion,use six drops of frankincense six drops of cedar wood six drops of wild orange essential oil,put away the dishes,make our chicken really flavorful,do this scrub,take the duster part off,,,,
add as much or as little,use at breakfast,put cinnamon walnuts,make your bathroom smell,,take this one bag,,,,
add your seasoning like simple salt,use elbow,put on my pjs,make some really easy diy wood coasters now,,take some maple syrup,,,,
add our press garlic or garlic powder,use a few matte colors for around my eyes that light brown color,put an ice cube in it,make over my little bookshelf,,take it out,,,,
add your hot tea into the cup,use the badger daily spf sunscreen,put it all over my entire body,make oatmeal,,take my drill,,,,
add the descriptive columns,use microwaves,put the mattress underneath noah bed his bed,make our sauce,,take up all of the dust,,,,
add life to really any place,use my miter,put in our strawberries,make two little waffles in the waffle maker,,take some eyeliner,,,,
add to tablespoons,use at night,put them on the skillet,make it easier,,,,,,
add a bit of honey,use concealer,put it on medium heat,make these videos,,,,,,
add in all the other ingredients,use a pencil brush,put it on my face,make one of these ladders yourself,,,,,,
add some sockeye salmon,use my elbow brackets on all of the corners,put everything away,make my hair a lot smoother,,,,,,
add a tiny little pinch of sea salt,use an oil,put a layer of cranberry,make a healthy chickpea brown rice,,,,,,
add a little dollop of sour cream,use august containers,put that right in there,make a hash,,,,,,
add to a portion of my day,use a whisk or whatever like,put this into a glass container,make a tea latte,,,,,,
add some of the greens,use earth balance for my butter,put on a huge warm comfy sweater,make your a lot less sticky,,,,,,
add a little extra bit in there,use this blueberry one by nature path one tablespoon of chia superfood also by nature path,put on my spotify music,make myself some food,,,,,,
add the main ingredient with blueberries,use kalamata olives,put my hair in the braids,make like a cheesy queso enchilada sauce,,,,,,
add some vanilla stevia like about three or four drops,use hummus,put in the microwave,make lunches,,,,,,
add to a jar,use one cup of frozen blueberries,put about a tablespoon,make it from a dry to a more wet consistency kind of like a cookie dough,,,,,,
add the scent,use some whole rye bread,put makeup as part of your morning routine,make life of kids easier in the kitchen tip number one,,,,,,
add some sea salt black pepper,use a red pepper a red onion,put it all through the food processor,make her massage kale caesar salad,,,,,,
add some nutritional yeast,use plain full cream regular yogurt,put on my contacts,make the clay super soft mix,,,,,,
add the teaspoon of olive oil,use a clear glue,put some rocks on the very bottom,make it through to the other side,,,,,,
add some raw pumpkin seeds for a little bit of crunch,use a fine mesh strainer,put the feta in,make from whole and processed ingredients,,,,,,
add to your home,use any yogurt,put ounces of water,make some spaghetti,,,,,,
add a few other ingredients,use raw honey,put some peppermint essential oil on my wrist,make a healthy dinner for myself,,,,,,
add a little bit more tomato sauce,use a ladle,put everything in the dishwasher,make some patties,,,,,,
add tsp of macadamia nut oil to a pan,use a vacuum,put away those miscellaneous things,make pasta unless,,,,,,
add a little bit of bubble bath,use the clamps,put the jingle bell on your tree,make with seashell,,,,,,
add to tsp then about to cup of water or coconut water,use parsley or basil any other fresh herb,put all the jingle bells in there,make a whole batch at the start of the week,,,,,,
add your onion,use the meyer ever mint scent dish soap,put on at my lip product,make my house look really clean,,,,,,
add a little bit of pumpkin pie spice,use water,put that all over my eyelid oh also,make my own coffee,,,,,,
add a really good crunch almost like a sunflower seed,use romaine lettuce,put the cold water in,make it a little bit more stable,,,,,,
add one set of an avocado,use either a teaspoon of pure maple syrup rohani,put these into a pan,make projects,,,,,,
add a few pieces of raw shrimp,use either a whisk or a fork,put the sauce on,make mac,,,,,,
add your blackberries into a bowl,use my palm,put three chai tea bags the stash version,make it a little bit healthier,,,,,,
add in the juice of half of a lemon,use a miter,put that over a pan,make it super creamy,,,,,,
add spoon of mixture,use my phone once,put in our lime zest,make a salad,,,,,,
add your dates in there,use chicken breast,put a large tree in the middle,make my mouth water,,,,,,
add tsp of olive oil,use these with a laundry booster,put it in this little measuring cup,make a chickpea salad sandwich,,,,,,
add really good lean protein to my lunch,use the fresh banana,put this on okay,make cream now,,,,,,
add to the top then my bread,use some sliced bananas some protein granola fresh sliced peaches,put mixed nuts,make a comeback,,,,,,
add about a half of the diced onion to the mixture,use a pen or marker,put together a slightly healthier mayo combo,make a quick sauce,,,,,,
add all the components to my little containers,use a needle,put these plastic containers inside,make fried eggs,,,,,,
add my cumin,use lemon or orange,put it in our toaster oven on the darker setting,make the dough a lot less sticky,,,,,,
add your egg mixture on top finish,use filter water,put them on a plate,make it a cute little outfit,,,,,,
add a frozen banana,use a foundation brush,put three teabags to ounces of water,make the dress,,,,,,
add the main ingredients the hummus,use all of my fresh produce,put the bowl,make a sandwich,,,,,,
add half of the banana,use the it cosmetics concealer,put a link down below to the most inexpensive best power washer,make life with kids easier in the kitchen,,,,,,
add in some vanilla almond milk,use about a cup,put those toys away,make them three different ways,,,,,,
add in my white onion bell pepper,use turkey or substitute turkey,put that on my cheekbones,make coffee or tea,,,,,,
add a third of a cup of apple cider vinegar,use berries,put my hair in a braid,make some fresh green juice,,,,,,
add it first,use about a half of an onion one bell pepper,put it away,make it even creamier,,,,,,
add a little bit of unsweetened almond milk or a little drop of water to the oats,use regular oats,put them on the bottom,make your bed in the morning,,,,,,
add healthy fats to my meal,use brown rice pasta spaghetti always,put it all over my face,make dinner tonight,,,,,,
add some nuts or nut butter to my oats for extra protein,use a fork,put that on like the lower parts of my cheeks,make kind of a bowl or a big salad plate with lots of different components,,,,,,
add some spices,use a mint aos,put it on the center part of my forehead,make this butternut squash kale salad with the maple tahini,,,,,,
add some spicy chicken sausage,use some honey flavor natural body,put a little spoonful onto each letter,make waffles,,,,,,
add some more water,use an anchor,put a little bit of hydrogen peroxide into a container,make our bed,,,,,,
add my onions beans enchilada sauce,use the beauty water,put something in,make this oatmeal,,,,,,
add our final ingredient,use the same spray here,put on the elf foundation brush,make something really simple,,,,,,
add my salad to my plate,use my vitamix,put this coconut oil on it,make my markings,,,,,,
add great flavor,use one tablespoon of unsweetened macadamia nut butter,put it on your skin,make a lentil kale soup,,,,,,
add some hummus,use reusable grocery bags in the deep freezer,put it in a really really really tight ponytail,make life really really easy,,,,,,
add in some essential oil to my sink,use chicken broth,put in the oven,make some blueberry quick oats packet of your favorite instant oatmeal,,,,,,
add our pumpkin pie spice,use my dyson,put a little bit of serum on a light hydrating serum,make a mistake with my mascara,,,,,,
add some crunch,use the glass,put them in my bun,make a smoothie bowl or an acai bowl,,,,,,
add a mixture of five eggs,use one saucepan,put on a bit of blush,make diy,,,,,,
add some chia seeds,use some window cleaner,put some mascara on,,,,,,,
add in your baking powder,use the method antibacterial bathroom cleaner,put away the rest of my leftover soup,,,,,,,
add a little bit of flavor,use some of this burt bees,put a hole all the way through it,,,,,,,
add in the coconut milk maple syrup coconut oil almond butter,use the light shade,put on these white shoes from stan,,,,,,,
add half an avocado for some good healthy fat,use a little bit of googan or bar keeper,put the oatmeal into my bowl,,,,,,,
add it to a bowl,use the samsara app,put them in your kids lunches,,,,,,,
add a little bit of organic butter,use a waterproof one,put it in two braids,,,,,,,
add the olive oil the apple senate of apple cider vinegar maple syrup,use my macadamia nut oil on my damp hair,put that in there,,,,,,,
add a little bit of cocoa powder,use some cinnamon,put my dishes in the dishwasher,,,,,,,
add some of the dress,use anchors,put it in an x formation,,,,,,,
add in different ingredients like this gold glitter slime,use power washers,put the toothbrushes in it,,,,,,,
add a little bit of brewers yeast,use this highlight duo from sigma,put it on your lower abdomen,,,,,,,
add that to your pan with cups of milk,use this mundu toner,put the top on,,,,,,,
add some vegetable broth to it,use chicken stock,put on a christmas playlist,,,,,,,
add some pomegranate seeds,use my walnut sponges,put on some deodorant,,,,,,,
add a third of a cup of water,use organic black beans,put the ice cream on the top then more sandwiches on the top,,,,,,,
add all of the chickpeas to a bowl,use a short grain rice when,put some of the flour mixture,,,,,,,
add these,use at least the cinnamon,put my greek yogurt in here,,,,,,,
add some fresh blueberries on top with some raw pecan nuts,use chives,put back into its rightful place,,,,,,,
add banana,use this beautiful gradient rainbow yarn,put the lid on,,,,,,,
add some eggs for add protein to this dish,use them as coasters,put some unsweetened coconut oil in it,,,,,,,
add a dash of pumpkin spice,use this new protein powder,put that right into the bowl,,,,,,,
add some onions,use a cleanser,put them in an ice cube tray,,,,,,,
add some potting soil,use it in everything,put away the news,,,,,,,
add our nails,use a tea infuser,put one generous tablespoon into the bottom of a little glass dish,,,,,,,
add the shave cream,use some sunscreen,put on my lipstick or tinted lip balm,,,,,,,
add some avocado,use pens,put some more of my tips,,,,,,,
add tbsp of xylitol,use this jesse j palette by makeup forever,put that to the front of all of my products,,,,,,,
add your flour little by little cover,use this mascara brush,put all of the dry dishes,,,,,,,
add one teaspoon of apple cider vinegar some salt,use almond milk,put it on to one side of the toast,,,,,,,
add a pinch of cinnamon,use smooth,put my contour,,,,,,,
add sweetener,use the elizabeth arden hour cream on my lips,put them in your tupperware,,,,,,,
add maca powder to my oats,use some tomato cucumber red radish,put the chocolate near one of the corners,,,,,,,
add in the rest of the ingredients,use my spray,put a link to that below this video,,,,,,,
add my flavouring,use glass containers,put that all into the mason jar,,,,,,,
add some fruit to my salads,use some moisturizer,put in my oats,,,,,,,
add on your two poached eggs onto your avocado,use the meyers peppermint scent,,,,,,,,
add a few popular ingredients,use in my kitchen,,,,,,,,
add a little bit of cinnamon,use a wooden spoon or a whisk,,,,,,,,
add a little bit of crack pepper,use this one,,,,,,,,
add a teaspoon of vanilla extract,use my emergency supply of canned chickpeas,,,,,,,,
add salt pepper some cayenne,use the seventh generation coconut care mousse shampoo for both of them it,,,,,,,,
add half a cup of frozen blueberries,use the unsweetened vanilla almond milk,,,,,,,,
add some toppings,use raw oats,,,,,,,,
add cup of ketchup cup of honey cup of soy sauce or bragg aminos,use an honest beauty lip crayon,,,,,,,,
add in a little bit of lemon zest,use a satin pillowcase,,,,,,,,
add the tofu mixture to the veggies,use that with the clarisonic cleanser,,,,,,,,
add things like cilantro,use the highlighter,,,,,,,,
add the rest of the ingredients,use a small pair of scissors,,,,,,,,
add about one cup of cook beetroot pieces,use a few fresh raspberries,,,,,,,,
add garlic,use a half of an apple,,,,,,,,
add other flavorings to it,use dry beans,,,,,,,,
add another half to teaspoon of macadamia nut oil to my pan,use coconut sugar or agave,,,,,,,,
add all of my sauce right in there,use a real techniques,,,,,,,,
add some nut fat on top,use lime zest the juice of one lime,,,,,,,,
add in this like collagen stuff,use a knife,,,,,,,,
add some puffy paint to the end of the toothpick for a pop of color,use a pair of scissors,,,,,,,,
add our pink cool whip,use my maybelline mascara,,,,,,,,
add some coconut flour,use organic cinnamon,,,,,,,,
add half a cup of cook brown rice,use the hose extension,,,,,,,,
add a little pinch of vanilla,use it as like a checklist,,,,,,,,
add a little bit of extra flavor,use a paper towel holder,,,,,,,,
add that to a jar with half a cup of water,use zucchini,,,,,,,,
add a little bit of water it,use a deep puf stick from kate somerville,,,,,,,,
add cup of sliced button mushrooms,use one or two of these cubes,,,,,,,,
add the basil,use onion bell peppers,,,,,,,,
add powdered sugar,use the gentle clean gel,,,,,,,,
add one tablespoon of macadamia nut butter,use this method surface cleaner,,,,,,,,
add a little liquid detergent,use them for several uses,,,,,,,,
add a little bit of essential oil onto them,use a little bit of that into your skin,,,,,,,,
add the cilantro,use this on all of my bathroom,,,,,,,,
add about a quarter teaspoon of cinnamon,use tea tree oil,,,,,,,,
add in your greens,use my clarisonic,,,,,,,,
add for grams skinless organic chicken breast pieces to a mix bowl,use a fuji apple,,,,,,,,
add the coolness microwaves,use frozen berries,,,,,,,,
add raw sunflower seeds raw sunflower seeds,use this like light brown,,,,,,,,
add any more oil of salt,use the anti back tile it cleaner,,,,,,,,
add your grilled corn some avocado,use vanilla extract,,,,,,,,
add in all your ingredients into a blender,use on cabinetry,,,,,,,,
add in your chicken stock,use this conair curl iron,,,,,,,,
add a bit of gel food,use vinegar,,,,,,,,
add one tablespoon of natural unsweetened peanut butter,use a good sunscreen,,,,,,,,
add some almond milk to my travel mug,use half a cup of coconut water,,,,,,,,
add all of these veggies,use a serum or an oil underneath,,,,,,,,
add some cranberry chutney,use peanut butter with the smoothie,,,,,,,,
add in any nuts or seeds,use this color bronzer,,,,,,,,
add your butter,use my bare minerals pure plush,,,,,,,,
add about an eighth of a cup of liquid detergent,use a comb in the shower,,,,,,,,
add a little bit more cinnamon,use shave cream as oppose to gel,,,,,,,,
add some sweet potato on the bottom,use three to four limes,,,,,,,,
add essential oils into my drain,use powdered peanut butter,,,,,,,,
add tablespoon of vegetable glycerin,use regular eggs or egg whites,,,,,,,,
add half a cup of water,use a instant bronzer,,,,,,,,
add to cloves of garlic,use some sharp scissors,,,,,,,,
add in your vanilla extract,use the qv intensive super dry skin body,,,,,,,,
add to meals,use this face,,,,,,,,
add grams of skinless chicken breast pieces chicken,use fresh or frozen banana,,,,,,,,
add it on top,use this old shirt,,,,,,,,
add our chicken mixture,use photographs,,,,,,,,
add a mirror into here,use a wood board,,,,,,,,
add some ice cubes,use my dollar tree cloth,,,,,,,,
add of a teaspoon of bake soda,use the color nudist,,,,,,,,
add the cucumber celery cilantro green onion,use the method glass,,,,,,,,
add my sage,use your favorite bread,,,,,,,,
add to the mixture,use the clarisonic mia,,,,,,,,
add a little parsley on top,use some burt bees lip balm,,,,,,,,
add stevia to this then about cup of your favorite nuts,use my hands dirty spread,,,,,,,,
add in some frozen wild blueberries,use a spoon,,,,,,,,
add those to my plate,use one tablespoon of unsweetened cashew nut butter,,,,,,,,
add an egg,use a julienne slicer,,,,,,,,
add them to your hot oil,use the same seventh generation,,,,,,,,
add of a cup of rolled oats medium banana,use a brush with natural,,,,,,,,
add one banana to my blender,use my hose extension to clean inside of them,,,,,,,,
add some rosemary from the garden,use this right in your shower,,,,,,,,
add the oats to a bowl,use the tea miralax tea,,,,,,,,
add this better than bullion vegetable broth base,use construction paper or circle cutouts,,,,,,,,
add teaspoons of raw cacao powder,use my creamy lemon ginger salad,,,,,,,,
add on a little bit more maple syrup,use the coconut body lotion in combination with a lavender oil,,,,,,,,
add about tablespoon of dry coconut flakes,use the teenie tumbler,,,,,,,,
add one more tablespoon of tahini,use the medium shade in my crease iz,,,,,,,,
add half a banana for a little sweetness,use the stick,,,,,,,,
add in your pureed pumpkin unsweetened vanilla almond milk,use some mac pro longer waterproof,,,,,,,,
add your spirulina powder,use a back of a spoon,,,,,,,,
add in swiss chard,use bake soda,,,,,,,,
add an avocado,use banana,,,,,,,,
add some water,use half a banana at breakfast,,,,,,,,
add some fresh slices of lemon,use a sharp knife,,,,,,,,
add one drop,use this around my eye area,,,,,,,,
add a few strawberry slices on top,use on my hair,,,,,,,,
add to the pan,use the center point of the wall,,,,,,,,
add our black eyed peas,use my flat iron,,,,,,,,
add good protein fiber,use our dyson vacuums,,,,,,,,
add about half of your cilantro,use vanilla bean like always,,,,,,,,
add your fresh chicken,use extra virgin olive oil a little bit,,,,,,,,
add only two cloves,use this lightest shade,,,,,,,,
add it to some hot water,use olives,,,,,,,,
add it to my salad,use warm water,,,,,,,,
add some arugula for some more green color,use two teaspoons,,,,,,,,
add fresh herbs,use some daily spf cream,,,,,,,,
add about a tablespoon of brown sugar,use the car shammies,,,,,,,,
add it into a mason jar,use this elf foundation,,,,,,,,
add two teaspoons of chia seeds,use fresh blueberries,,,,,,,,
add half a cup of sliced strawberry pieces,use one teaspoon of pure maple syrup,,,,,,,,
add about a half a cup,use spatula here to kind of mix them up,,,,,,,,
add some pizza ingredients,use other leafy greens like swiss chard or kale,,,,,,,,
add teaspoon of pure maple syrup,use fresh turmeric root or the powder ginger and then a little bit of sea salt,,,,,,,,
add chili powder cumin lemon pepper,use it everywhere in my house,,,,,,,,
add in my onions,use dish meyers,,,,,,,,
add olive oil over medium heat,use your fork money,,,,,,,,
top it off with a little bit of hemp arts for some extra add protein,use it on eggs,,,,,,,,
add the egg,use ezekiel bread,,,,,,,,
add my essential oil mix,,,,,,,,,
add one cup of filter water two cups of apple,,,,,,,,,
add in some epsom salts,,,,,,,,,
add in my broccoli then my zucchini,,,,,,,,,
add a few drops of essential oil into it,,,,,,,,,
add in your tomatoes,,,,,,,,,
add that in there,,,,,,,,,
add in your veggies,,,,,,,,,
add my italian tomato chicken to my plate,,,,,,,,,
add some carrots,,,,,,,,,
add the chicken to a bake tray,,,,,,,,,
add to my green smoothie,,,,,,,,,
add our garlic,,,,,,,,,
add quite a lot of pure maple syrup,,,,,,,,,
add it to molds,,,,,,,,,
add chicken on top for some additional protein,,,,,,,,,
add a big dollop on top,,,,,,,,,
add a little bit of black pepper,,,,,,,,,
add all the veggies,,,,,,,,,
add some cinnamon,,,,,,,,,
add some red wine vinegar,,,,,,,,,
add them to a ziploc bag with a paper towel at the bottom,,,,,,,,,
add the other half of the avocado,,,,,,,,,
add some essential oils into my sink,,,,,,,,,
add a little bit of salt,,,,,,,,,
add too much,,,,,,,,,
add that to the mix,,,,,,,,,
add to teaspoon of macadamia nut oil to my frying pan,,,,,,,,,
