0	vacuum really way too fast move your vacuum
1	make diy body butters
2	move over here to some fruit
3	pick out a very simple outfit
4	add our pumpkin pie spice
5	add that to a jar
6	do my meal prep
7	clean up the living room
8	put it on my cheekbones
9	start with my ecco bella day cream
10	mix that up
11	put that on with a brush
12	chop some garlic the garlic
13	cover in water
14	blend all of that up
15	add the avocado right into my blender
16	put a cover on it
17	brush upwards in long motions towards your heart
18	use the gentle clean gel
19	reheat these
20	apply my moisturizer
21	fill in any spaces
22	take my drill
23	add a little liquid detergent
24	throw some olive oil lemon juice on there
25	put some peppermint essential oil on my wrist
26	put away all those bags
27	eat it straight out of the jar with a spoon
28	paste teaspoon of italian herb
29	stay clean
30	touch the salmon
31	go on a walk
32	buy some purple kale
33	add all your veggies to a massage scale
34	brush that all out
35	score the flesh of the avocado
36	close it
37	puree them
38	use a red pepper a red onion
39	go in for a bite
40	add some kosher salt
41	built a home studio music
42	stain these with the wood
43	put our garlic
44	sprinkle a little bit of sea salt
45	go in with this mac brush
46	use three parts greek yogurt
47	add
48	take a comb
49	get right into the corners
50	use the viewfinder as a mirror
51	pack all your bags
52	top it with some pomegranate seeds
53	use the teenie tumbler
54	add some fresh cucumber
55	add one cup of filter water two cups of apple
56	slice it
57	punch through
58	add two tablespoons of olive oil the garlic
59	pick out a shirt some shorts
60	sweep the house obviously with hardwood floors
61	bring the other large pieces of wood
62	make it super creamy
63	chop up your fresh herbs
64	use my dyson
65	rinse one cup of quinoa
66	use the badger daily spf sunscreen
67	lay on the couch for a little bit
68	shake it up
69	turn on our electric fireplace
70	start with my spring morning routine
71	add chicken
72	make it a little bit more stable
73	add a few ice cubes
74	determine how far apart the holes
75	start off with some onions
76	put on a bit of blush
77	get in another glass of water
78	start to experiment with woodworking
79	use one or two of these cubes
80	use a knife
81	finish my breakfast
82	tidy up after
83	add other flavorings to it
84	straighten my hair
85	curl my eyelashes
86	eat on the couch
87	get those cobwebs
88	add some raw pumpkin seeds for a little bit of crunch
89	plan out your morning either on paper
90	put the melted ingredients inside of that
91	do a big clean of my kitchen
92	use my honest beauty younger eye cream
93	add half a cup of cook brown rice
94	serve that onto a plate
95	mix that together
96	drink plain herbal tea like rooibos tea or green mint tea plain
97	apply your sunscreen
98	add an egg
99	add a quarter of a onion
100	sniff around once
101	decorate the ziplock bag with puffy paint
102	use onion bell peppers
103	chop all these up
104	put some of the flour mixture
105	get them out
106	grab the largest drill bit
107	leave your couches
108	slice mushrooms into a big bowl
109	add my salad to my plate
110	measure it
111	try it
112	add about one cup of cook beetroot pieces
113	add some coconut flour
114	use a comb in the shower
115	melt together over a double boiler
116	grill something else
117	add that in
118	put on these white shoes from stan
119	brush out my hair
120	take my knife
121	whisk together some
122	got a nice handful of strawberries
123	stock up for my guests people
124	curl a couple pieces of my hair
125	set aside some into a container
126	reduce it to a simmer
127	do seasoned it up with a little bit of pepper
128	add a handful of baby spinach to the sauce
129	throw in that cinnamon stick
130	put it on to one side of the toast
131	floss
132	break up the mushroom
133	fill it with beautiful succulents
134	clean the shower doors
135	take my sheets off
136	caramelize for about three to five minutes
137	watch a little bit of
138	hang it up
139	add to the pan
140	keep recipes in my binder
141	go to fry that in a pan over medium to high heat for a few minutes
142	put that on
143	remove that
144	drilling in the flanges into the board
145	add some liquid stuff
146	wipe thoroughly
147	serve mine personally with some brown rice at the bottom of the bowl
148	add healthy fats to my meal
149	add in your greens
150	use a little bit of that into your skin
151	take off any excess
152	work with the miter
153	got a little hungry
154	measure how tall
155	grab everything out
156	chop up all of your veggies
157	mix it up with all sorts of veggies
158	start with one medjool date
159	make some tea this morning
160	bring it to a slight simmer
161	make a healthy blueberry smoothie
162	pour it in on it
163	rinse it
164	add the egg
165	take my fork back over
166	use this color
167	make chocolate chia pudding
168	got my fork here
169	prep the greens
170	start with our chocolate banana one my bananas right on top
171	take my phone upstairs
172	make something hearty
173	plate it up like a crudite with some cucumber carrots
174	use the steam mop every day
175	get a glass bowl
176	put that in there
177	top it with a drizzle of honey
178	put three teabags to ounces of water
179	use turkey or substitute turkey
180	go back to the couch
181	give it a little bit of a vacuum
182	add some olive oil a little bit of apple cider vinegar
183	sit in the middle part of my couch
184	add my onions beans enchilada sauce
185	dampen the clock a little bit
186	finish with this revlon chubby stick
187	chop my vegetables
188	add our press garlic or garlic powder
189	make a healthy dinner for myself
190	get ready for back to school
191	collect at the broom
192	make some fresh green juice
193	fix your hair a little bit
194	add in some frozen wild blueberries
195	do anything special with my hair
196	add in some water grainy dijon mustard garlic lots of it raw hemp hearts lemon juice fresh cilantro
197	clear off the counter
198	got a couple bunches of flowers from the dollar tree
199	put on my awesome pink slippers
200	clean out a shower or tub
201	brighten up my mascara time
202	show three healthy breakfast ideas
203	diffuse the scent into your room
204	hairbrush it
205	go through the motions of dinner planning
206	use a julienne slicer
207	set up a calendar
208	vacuum then in the kids bathroom
209	finish with alpha lipoic acid cream
210	put that into silicone molds
211	use ground vanilla powder
212	dance every time
213	get toothpaste all around my mouth
214	use the vitamin c peel pads for my face
215	add one more tablespoon of tahini
216	screw on the lid
217	deal with my flyaways
218	touch the outside of the stove
219	play with our rain stick
220	got fresh strawberry slices
221	take your milk
222	clean up our playroom
223	add one tablespoon of natural unsweetened peanut butter
224	pick it up
225	cleanse my skin with the clean oil
226	hammer it in
227	add of a cup of oats to a large mason jar
228	assemble my fajitas
229	add more tomato basil sauce
230	add cup of sliced button mushrooms
231	put about ounces of milk in my milk frother
232	use bake soda
233	line an oven pan with to foil pockets
234	throw cushions
235	warm it
236	do some exfoliation of my body
237	mash it up
238	add two teaspoons of chia seeds
239	add a big scoop of salsa to the cheesy sauce
240	fill up my diffuser
241	scoop them in to your mold a mini muffin pan
242	toss that up with the kale
243	rub it in with any type of one dollar scrub brush or sponge
244	reread a book
245	grind of black pepper
246	grate white onion egg cloves of garlic
247	run them under water
248	use my dish soap
249	use the stick
250	use an honest beauty lip crayon
251	retrieve them from the bottom
252	fit to the chalkboard
253	wrap this all up like a little present
254	wipe down my countertops
255	make a cup of tea
256	chop up into small pieces as my natural sweetener
257	organize my recipe in two basic categories sheet protectors
258	got a little bit of water nutritional yeast tahini
259	plug it in
260	add some water
261	add a little pinch of cinnamon
262	make my favorite protein shake
263	drill two large holes
264	take all of the dirty stuff
265	scoop it right out of the food processor
266	sprinkle on some of those green hemp seeds
267	mop your floors with it
268	brush up really gently
269	put them in a bowl
270	add to teaspoon of macadamia nut oil to my frying pan
271	pop that right into our little mason jar
272	add a little bit of flavor
273	chop your pecans
274	protect their little skin
275	put on my hat
276	top it with some sea salt some black pepper
277	collect my tangy tomato chicken recipe
278	use my elbow brackets on all of the corners
279	take some extra maple syrup
280	take this one bag
281	give it a good shake
282	add some vanilla stevia like about three or four drops
283	gather up eight strips
284	use three to four limes
285	rinse your mushrooms
286	take the seed out of the avocado
287	take that with a nice big glass of water
288	head out onto the patio
289	put my frame in place
290	put about half of the mixed berries in here
291	wipe down my table
292	use this highlight duo from sigma
293	put on some concealer
294	put it all over my face
295	make a diy lactation support cooking mix
296	plug in my phone
297	eat my dinner
298	add teaspoons of raw cacao powder
299	chop up one carrot
300	put on my moccasins
301	painting that with chalkboard paint
302	eat veggies
303	throw that together
304	come into the home
305	put it in a really really really tight ponytail
306	cut that out
307	use this older bag
308	load
309	poke holes
310	put cinnamon walnuts
311	use paper towel all the way around
312	cleaning windows
313	do like quite a lot of maple syrup on these a little
314	blend it up with my trusty immersion blender
315	use bare minerals best skin concealer
316	it straight
317	add spice to mine after the fact
318	clean the kitchen every day
319	make some spaghetti
320	turn on my lights
321	freeze so well
322	dry naturally the rest of my hair
323	lift like this
324	wear my giant hoops from the visa
325	put three chai tea bags the stash version
326	take that coffee
327	use glass
328	screw the top on put your favorite soap
329	vacuum our couch
330	try this vacuum
331	trim it
332	decorate the boys rooms
333	organize more
334	clean around the house
335	top my peanut butter over nut oats with another teaspoon
336	keep my master list online
337	do this with one hand
338	make a succulents
339	cut out a bunch of circles it
340	vacuum all of our floors
341	pop these two in
342	use organic cinnamon
343	put about cup of the blueberries into the oatmeal
344	put it in our toaster oven on the darker setting
345	decorate it for the fall
346	eat it on a sandwich
347	take out my planner
348	come home
349	store them in individual freezer bags
350	do anything with my makeup
351	do a pasta sauce with hidden veggies
352	do my skincare routine
353	give him two baked chicken breast pieces
354	use this mascara from sigma as an eyebrow gel
355	add your hot tea into the cup
356	take our fruit
357	drink my tea
358	keep drinking water throughout the morning
359	head over to the bathroom
360	take your two eggs
361	use this blueberry one by nature path one tablespoon of chia superfood also by nature path
362	apply mascara
363	put my little christmas slippers on
364	screw on the cap
365	close our blinds
366	use a little wooden stick
367	take our berries
368	wilt the arugula
369	prep your ingredients
370	get home
371	add some greens
372	vacuum my rug
373	write down my thoughts or my diary kind of things
374	add some nuts or nut butter to my oats for extra protein
375	set my alarm
376	pour one big spoon of your pancake batter onto the skillet
377	put distilled water
378	relax for a bit
379	throw it into a bowl
380	got as a sample bag
381	put a lid on top kind of speed up the process cuz coconut flour pancakes
382	use the naked palette the good old naked palette in the color buck
383	wipe all of the surfaces down
384	throw in some vanilla extract almond milk
385	add a little pinch of vanilla
386	fill my brows
387	mix together ingredients
388	add some thyme
389	put on this cool velcro headband
390	dump in here
391	crush them up in my hands
392	play with our water toys
393	add grams of skinless chicken breast pieces chicken
394	add about half of your cilantro
395	use my hands dirty spread
396	put some new sheets on their bed
397	scoop out the avocado into a bowl
398	take a shower
399	add in your pureed pumpkin unsweetened vanilla almond milk
400	use romaine lettuce
401	take up all of the dust
402	open up my blinds
403	use peanut butter with the smoothie
404	blend everything up
405	make your bed
406	chop it up into little bits
407	take a nice big scoop of that
408	focus this in the center of my lips
409	paint them myself
410	mix with sesame
411	combine it all thoroughly
412	get some fresh flowers
413	flip it
414	make it through both pieces of wood
415	stick them with a fork all the way around
416	use one full banana
417	make an ice cream cake
418	throw in all your ingredients
419	watch a little bit of tv
420	apply some moisturizer
421	use some daily spf cream
422	vacuum it
423	stir once again
424	make my bed
425	use my clarisonic
426	clean up a space
427	mush together a bunch of different ingredients
428	clean the shower
429	show the basic recipe
430	chop up some olives some cashews
431	put in my oats
432	add that to a bowl
433	make a really easy diy disinfectant with distilled water
434	get them these matching sheet sets
435	put my contour
436	lick his hand
437	use a short grain rice when
438	add a tiny little pinch of sea salt
439	brush up my hair
440	use my lysol wipes
441	use these with a laundry booster
442	put that right into the bowl
443	screw the piping into the floor flange
444	use to a super dark chocolate
445	add a pinch of ground vanilla powder
446	shelve
447	chop up almonds
448	add some nice raw fruit to your breakfast
449	add one set of an avocado
450	add some cranberry chutney
451	adjust our measurements
452	stick that right into the oven to roast
453	poach two eggs
454	stir
455	make sure that sweep
456	apply some concealer
457	store it by freezing it
458	blend in all like the edges
459	eat one
460	rooibos tea on the side
461	use kosher salt
462	stir the boric acid
463	cooking for minutes
464	make some shelving
465	get up out of bed
466	make pasta unless
467	use a sharp knife
468	add a little bit of bubble bath
469	wipe down our stove
470	put the cold water in
471	use that with the clarisonic cleanser
472	fold up your foil packets
473	take this random mascara brush that
474	make this with the chocolate
475	add some fresh cucumber slices
476	water my plants
477	pack some strawberries
478	toss that around in a frying pan on the stove for a few minutes
479	crack two eggs open
480	write it
481	invest about ten dollars in an oven liner
482	add some crack pepper on the avocados
483	stir it all up to then
484	clean the sink now
485	dig some holes
486	use baby ganic spa
487	finish my skincare off with alpha lipoic acid
488	go in any of the cabinetry
489	put some powdered peanut butter
490	add essential oils into my drain
491	use with hummus
492	make my bed in the morning
493	got this little packet of almond butter
494	put all the condiments between the cheese
495	add about of a cup of water
496	head into my office
497	put makeup as part of your morning routine
498	trim green beans
499	jump into my skincare routine
500	use the blueberry flax by nature path
501	transfer to a parchment
502	play with the boys
503	add a lot of other ingredients
504	trace as best as possible
505	rinse it off
506	head into the kitchen
507	add the other half of the avocado
508	use chicken breast
509	take showers at night
510	use this tiny little brush
511	call red bush tea
512	get a nice sizzle
513	play the game down below
514	pour it into my mug
515	blend of black eyed peas brown rice
516	finish off with a little bit of luck cardio warm down
517	go over each area two or three times
518	blur brush
519	add your blackberries into a bowl
520	take your oats
521	cover it
522	chop garlic
523	add our nails
524	put the jingle bell on your tree
525	wipe down the little tray
526	wake up
527	take my hair out of the braids
528	assemble your egg muffins
529	add garlic
530	put honey on my oatmeal
531	rose essential oil
532	get your greens
533	peel off the back
534	tidy up the main living space
535	use this for the bottom of their feet when it like a whip body cream
536	take it out
537	screw in screws
538	make mac
539	add a little bit of unsweetened almond milk
540	play with our sand
541	stack the chicken salad
542	add in your cumin
543	pour your mixture
544	rub that dream cream all over my legs my arms all over my body
545	make beef barley soup an amazing chicken
546	add on your two poached eggs onto your avocado
547	mix it up
548	smash up the avocado a bit
549	take the garbage out
550	put some flowers in there the seafoam vase
551	make some pumpkin spice
552	put on a christmas playlist
553	cook your butternut squash for about minutes
554	use almond butter or cashew nut butter
555	make myself a quick smoothie
556	get my coffee ready
557	slice up a few vegetables
558	incorporate all the ingredients
559	assemble it all together onto your lettuce drizzle on your sauce
560	shake it to kind of emulsify all the ingredients the oil
561	apply your eyebrow powder
562	take all their toys upstairs
563	eat a healthier breakfast in the morning
564	make my house look really clean
565	put ounces of water
566	use my flat iron
567	fix my hair
568	got two sweet potatoes
569	exfoliate
570	use a foundation brush
571	place my oils or my shea butter together
572	put two thirds of a cup of water
573	brush in an upwards motion
574	apply it
575	simmer at a low temperature
576	add to a jar
577	use this highlight
578	cut up the stuff the night before
579	use pens
580	grab all of the clothes
581	chang out my sheets now
582	give that a little mix
583	got some of this tomato basil kinda like a marinara sauce
584	apply some coconut oil
585	stir everything up
586	put away all of our clean dishes
587	push your bed back into place recently
588	plan your lunch
589	chill out on the couch
590	play the game
591	make that math homework a little less painful
592	add things like cilantro
593	add in some whole fresh organic strawberries
594	go from the windows
595	cut them into nice strips
596	go to dust down my bookshelves
597	place your first one near the end of the tube
598	add this better than bullion vegetable broth base
599	walk straight out the front door
600	pull that off the double boiler
601	use the seventh generation coconut care mousse shampoo for both of them it
602	add my flavouring
603	sprinkle of cheese on there
604	put this stuff away
605	put in our strawberries
606	use on my hair
607	chop up the onion into little pieces like a dice
608	chop apple
609	exfoliate at the same time
610	unwrap it
611	iron my hair
612	stick that in for about to minutes over here on my stove
613	get off my makeup
614	bake soda
615	use a pencil brush
616	use a dish cleaning
617	highlight the inside of my eyes
618	add in some epsom salts
619	put cashews on top
620	put coconut oil on my lips
621	put in the oven
622	get it all in
623	use this on all of my bathroom
624	blend everything up some frozen banana
625	put a hole all the way through it
626	measure that
627	press garlic
628	cook up
629	use a fork
630	add in all the other ingredients
631	blend that
632	wipe those down
633	use the clamps
634	take a staple gun
635	dress exactly
636	do a slime segment on the today show icon
637	put a little bubble bath in there
638	close my books
639	use the pure in nada natural cosmetics eyeshadow palette
640	use strawberries
641	create buttons
642	whisk until it
643	use this brush
644	blend up my sauce
645	add the shave cream
646	cook dinner
647	go into the outer crease in the outer corner with sepia
648	top it with the cilantro
649	stain these pieces of wood
650	clean up all of their legos
651	mix it
652	use the medium shade in my crease iz
653	feed my toilet
654	cover in succulents
655	mix it it
656	use this beautiful gradient rainbow yarn
657	rinse them really well underneath the kitchen sink
658	get the dishes
659	open the windows
660	use them as coasters
661	got leftover sweet potato
662	protect traditional wood
663	flip them over your tree
664	add the coolness microwaves
665	add some of the dress
666	go to my laptop
667	got a little nonstick skillet with a little bit of canola oil spray
668	get on with my admin work
669	use this really pretty teal color
670	create two pilot holes
671	pop the center part into the outer part of the tumbler
672	get them even
673	add only two cloves
674	drink at least two big glasses of water
675	use a traditional ice pack
676	staple all the way around the frame
677	drink it
678	make their beds
679	wear a little white with this little gold necklace
680	toss everything together
681	sprinkle a little bit of cheese
682	top it with 1 tablespoon of unsweetened almond butter
683	massage it
684	pop them right into my mason jar
685	tidy up a little bit
686	use as a body wash
687	put those things away
688	put a little bit of hydrogen peroxide into a container
689	cleanse it
690	add a little bit of cinnamon
691	cement cinnamon
692	incorporate together
693	pop them right into the toaster
694	prep in your container
695	stir it all together
696	go around my neighborhood
697	go straight into this little box bin thing near the front door
698	use a half of an apple
699	use the qv intensive super dry skin body
700	add a dash of pumpkin spice
701	put them in the basket in the laundry
702	fold it all up
703	blush basin
704	add the descriptive columns
705	use shea butter coconut oil
706	do a quick clean over
707	add the olive oil the apple senate of apple cider vinegar maple syrup
708	use lime zest the juice of one lime
709	fry up these vegetables
710	start with rice cakes
711	add on a little bit more maple syrup
712	prune it with some scissors
713	soak for about to minutes
714	write out
715	spray the bed sheets with natural scented spray
716	follow that with my fruit
717	break the eggs
718	put something there
719	add it to some hot water
720	brush up very gently
721	use a brush
722	do a declutter
723	line cookie
724	put on my spotify music
725	check my emails
726	cook now
727	serve it in a bowl
728	top my banana pancakes with my homemade berry syrup
729	stain it
730	add some unsweetened balsamic vinegar some black pepper
731	clean the counters
732	put on top of the salmon
733	eat them
734	take our cook oatmeal
735	put them on a plate
736	do a video on my smoothie preps for the week
737	play with
738	use a good sunscreen
739	stick in the microwave ten to thirty seconds
740	plan my day to minutes
741	add of a cup of rolled oats medium banana
742	put some chocolate chips
743	add half a cup of oats scoop of vanilla protein powder
744	dab it down a little bit
745	blend it in even more with my beauty blender
746	reload the dishwasher
747	put them in your kids lunches
748	toss with some tongs
749	add some pomegranate
750	clean my sink out with some regular soap
751	use ezekiel bread
752	throw pillows on the couch
753	put into the wash machine
754	add water
755	use a whisk
756	fill it about halfway
757	cut my coffee machine
758	use a spoon
759	make a salad
760	mix together
761	add tablespoon of vegetable glycerin
762	assemble your veggies
763	mix the chicken with one teaspoon of macadamia nut oil teaspoon of unsweetened white balsamic vinegar
764	break down the cell walls of the kale
765	throw it in a bowl
766	share a few natural laundry alternatives start with soap nuts in a muslin bag
767	put my dishes in the dishwasher
768	commingle in there
769	cook a little bit longer
770	drill the screws into the four corners
771	pour everything into a mason jar
772	use the elizabeth arden hour cream on my lips
773	open anything
774	get them dress for bedtime pajamas
775	take out your blender
776	get my dragon towel
777	use two flat teaspoons of cacao powder
778	sit down at my desk
779	put in
780	drain your almonds
781	add a little bit of essential oil onto them
782	go with the comb towards your head
783	wipe down my counters today
784	put like a ton of greens on the bottom
785	make a mistake with my mascara
786	open up the waffle maker
787	squeeze it alright
788	give your house a good spring clean
789	use a ladle
790	use your fork money
791	measure how far apart the brackets
792	melt into the pot
793	slices into the almond butter
794	sweeten the oats
795	add a little bit more tomato sauce
796	write on it with a sharpie
797	wash any dishes
798	throw in cup of sliced button mushrooms cup of sliced zucchini
799	squeeze lemon
800	change into my clothes
801	take an additional piece of yarn
802	sit down for a few minutes
803	use a dry dryer sheet
804	do a monster rock
805	make two little waffles in the waffle maker
806	use about half a teaspoon
807	add in the rest of the ingredients
808	take off the cushions
809	play with it
810	use the cc cream
811	do a little bit of bronzing
812	clean your face
813	head out of my room
814	find that a cup of green tea
815	blend the vanilla
816	put it in two braids
817	head right into my kitchen
818	secure that with two hair elastics
819	top with your homemade free berry jam
820	put the dishwasher on
821	take them out
822	give it a mix
823	drill all the way through
824	wipe down to the whole kitchen
825	add your flour little by little cover
826	give it a little bit of a whisk
827	mix one teaspoon with water
828	use the anti back tile it cleaner
829	watch a movie cuz
830	sprinkle of sea salt
831	pour some hot water into the filter
832	use one tablespoon of unsweetened macadamia nut butter
833	watch my current guilty pleasure
834	fill up my glass halfway with room temperature water
835	cover in the coconut oil
836	fill up a tall bottle or tall glass of water
837	pack my lunch
838	crush them up
839	washed everything up
840	got some cucumber
841	put your oats right in there
842	get ready for dance
843	blend it up in my nutribullet
844	take my hair out of these braids
845	drop my toothpaste accountants
846	come off the pan
847	take an pill
848	use banana
849	sift it onto your carpet
850	fit in the dishwasher
851	add quite a lot of pure maple syrup
852	do on the eyes
853	put on my contacts
854	take a couple of tea spoons of the loose leaf tea into the center container of the tea
855	rub the olive oil into the kale
856	crack two eggs into a bowl
857	try to steam the floors every three days
858	put cups on it
859	got the honest company lavender vanilla spray
860	add of a teaspoon of bake soda
861	mix it together
862	cut our paper to size
863	breathe in fresh air
864	take it with on the go
865	scoop it into a bowl
866	brush my teeth of course
867	remove cream cleansers with a damp cloth
868	add healthy fats
869	make vegetable fajitas
870	do smoothies or salad
871	saute some onion red bell pepper
872	take them over to the saute pan
873	mix two teaspoons of chia seeds with about teaspoons of water
874	keep it mild
875	heat them up
876	use a little bit of gorilla glue to temporarily glue the pieces onto the chalkboard
877	do a little bit of a tidy up
878	brush it out
879	add your honey
880	get everything vacuum
881	put away
882	grab my bag
883	wipe down my kitchen benches
884	get on the walls
885	add one cup of baby tomatoes
886	add half a teaspoon of pure maple syrup
887	throw in a few little clips of makeup
888	chop up cherries
889	cut in half this
890	sprinkle of cinnamon
891	pour my almond milk back into my blender homemade almond milk
892	turn the waffle maker on lightly grease
893	add your butter
894	make a veggie sandwich
895	use a bowl
896	rub it sometimes
897	throw into the wash in place of regular laundry detergent
898	vacuum the couch yes the couch or the floor
899	add another half to teaspoon of macadamia nut oil to my pan
900	stick with a whole lot of hummus in a container
901	start with an toner
902	take that upstairs
903	dust this
904	add it to the pan
905	seal them
906	use this
907	use zucchini
908	roast the butternut squash
909	sprinkle on some cinnamon then an extra little dash of almond milk
910	use a tea infuser
911	fill this to the brim
912	put on the elf foundation brush
913	transfer it to a bowl
914	add my sage
915	spread some vegan mayonnaise on there
916	use a deep puf stick from kate somerville
917	go really nicely with peanut butter
918	chop kale in
919	distribute the quinoa first into each glass dish
920	check them
921	stir mix everything up
922	load it every single day
923	put that over a pan
924	hang it in my closet
925	sit on the couch
926	do the granite countertops
927	stay pretty steady
928	drink some water
929	make one of my favourite easy meals
930	make this sandwich
931	walk my dog max dust
932	clean this
933	add a little extra bit in there
934	make these recipes in bulk
935	use some cinnamon
936	add half of the banana
937	blend it up again
938	cut through
939	create the circle
940	make like a tiny little triangle on the outer third of my eye
941	cut my pieces of wood accordingly
942	go into my office my life
943	put my hair in a braid
944	wipe them down at least once a week
945	use a nut bag
946	applied moisturizer
947	wash out in my living room
948	use hummus
949	put my roasted red pepper on there
950	set it on low heat for eight hours or high heat for three to four hours
951	clean up my bed
952	hammer in anchors for add support
953	add to meals
954	go upstairs
955	use about a half of an onion one bell pepper
956	decor your tree
957	add a little bit of cocoa powder
958	pull it away from the hard stem
959	vacuum
960	get your wood cut
961	cool down for a few minutes
962	use this right in your shower
963	use our dyson vacuums
964	stir this all
965	use the it cosmetics concealer
966	clean the outside of the toilet
967	boil underneath
968	sprinkle on some cinnamon
969	use microfiber cloths
970	put it on my face
971	got a cup of a cup of pumpkin seeds
972	mop
973	use my vitamix
974	place on top of a pan
975	take my prenatal one my vitamin d
976	add a little bit more underneath my eyes
977	do anything to my hair
978	use frozen berries
979	use vanilla bean like always
980	pack up my stuff
981	top it off
982	wash my face with it
983	use a roomba in this house
984	make their beds in the morning
985	hung up a few wood pieces
986	hang to the wall
987	roll it a bit
988	make myself breakfast
989	use a needle
990	work on laundry
991	move the wood a tiny bit over
992	wipe down the stove
993	add a third of a cup of apple cider vinegar
994	give it that little pop of extra flavor
995	go straight into bed
996	use a plastic scraper
997	start white glue
998	set your stovetop to anywhere from low to medium heat
999	add two tablespoons of raw cacao powder
1000	use berries
1001	vacuum the boys room
1002	see a nice clean sink
1003	add some vegetable broth to it
1004	clean up right after
1005	use colored tape
1006	add your grilled corn some avocado
1007	put these plastic containers inside
1008	clean off my skin
1009	sprinkle it with some cinnamon
1010	improve the condition of your skin
1011	lie in bed
1012	top it off with some of the granola
1013	bring that all to a boil
1014	collect recipes for decades some
1015	do about half a teaspoon
1016	add it into a mason jar
1017	remove makeup
1018	pack your kid lunch
1019	add the cucumber celery cilantro green onion
1020	make a bowl of pasta
1021	incorporate the eggs
1022	cut open my avocado
1023	make this with oats
1024	pull it down the stem
1025	apply to my skin
1026	cover it with the dish towel
1027	polish your stainless steel
1028	fill up the water
1029	mix that all together
1030	watch tv or on my phone
1031	bake powder
1032	make breakfast
1033	blend all right
1034	cleanse the microfiber
1035	drink my tea in bed
1036	scroll through social media for ages
1037	add a little bit of almond milk
1038	spread that on there
1039	use some cardboard
1040	sit down in the living room
1041	eat our veggies
1042	got some of these seaweed snacks with sea salt
1043	massage kale
1044	put this all over my eyelids
1045	check off the day in my planner
1046	draw or trace a circle onto your cardboard mine about inches in diameter
1047	toast your bread
1048	collect some sticks from outside
1049	add half an avocado for some good healthy fat
1050	hop into the shower
1051	measure our two tablespoons of sunflower seeds
1052	freeze a smoothie
1053	got your two large sweet potatoes
1054	mix half a cup of whole rolled oats with two teaspoons of chia seeds
1055	use chives
1056	forgotten about crevices a butter knife
1057	peel it
1058	use a little bit of googan or bar keeper
1059	use a instant bronzer
1060	get a few more pieces of wood
1061	open a window
1062	use glass containers
1063	add some carrots
1064	add spoon of mixture
1065	chop these veggies
1066	put it into a solo cup or a plastic cup
1067	add your spirulina powder
1068	add banana
1069	apply this product
1070	slice cucumber
1071	drill into the larger pieces of wood
1072	add to tablespoons
1073	focus on my arms or the areas of my body
1074	move on to the dishes
1075	do silk plants
1076	cube chicken into a pan
1077	break down the phytates in the kale
1078	add whatever seasonings
1079	use my walnut sponges
1080	clean up after dinner
1081	place it on top of your circle
1082	use the same spray here
1083	add a couple pieces of fresh corn
1084	get to the stainless steel
1085	toss them with of macadamia nut oil
1086	pack them in simple mason jars
1087	wear gloves
1088	top my oatmeal with some fruit
1089	use a little bit of soy milk
1090	get any dishes in our sink
1091	do the knobs with the bottle cleaners
1092	do two tablespoons of that
1093	put our toothbrushes inside
1094	draw out the shape of your tree
1095	go to first start by and shred up your kale
1096	fix any kinks in my hair
1097	do the laundry clean up all the toothbrushes
1098	add half a cup of frozen blueberries
1099	put it in my french press
1100	create a square
1101	see recipes
1102	screw into the top back of the board
1103	lay there
1104	set a timer for four minutes
1105	spread that right over top
1106	distribut throughout the muffin tins
1107	cut oats with of a cup of water
1108	do custom blends
1109	gone with this top
1110	use warm water
1111	add a bit of avocado to my green smoothies
1112	add some fresh slices of lemon
1113	try out the laser genesis at kate somerville
1114	use a back of a spoon
1115	run this along all of the grout lines
1116	chop up a little bit of cucumber
1117	peel off your stickers
1118	make our bed
1119	clean the countertops
1120	mix the coconut flour in
1121	brush my teeth
1122	blend it all up
1123	crush up the blackberries
1124	rinse them
1125	empty this out
1126	got from honest beauty
1127	blend until
1128	head upstairs
1129	sprinkle of kosher salt
1130	use a small pair of scissors
1131	put my lunch into my bag
1132	pour cup of corn starch into our mix bowl
1133	go like a file system into your deep freezer
1134	grate gruyere cheese
1135	clean the toilets
1136	screw the lid on
1137	get all the chunks of almond out
1138	combine the tea with the warm froth milk
1139	refresh your carpet
1140	put some lemon juice some olive oil a little bit of salt
1141	start with the color camel all over my lid from the lorac mega pro palette
1142	add a small pinch of paprika or a little pop of extra flavor
1143	add your fresh chicken
1144	roll them up long ways
1145	recheck all those social medias
1146	sprinkle that on
1147	give it a good massage with your hands
1148	toast your bread line it with the lettuce
1149	do a proper kitchen clean
1150	blend it all up until creamy smooth
1151	pack your kids lunches
1152	add some pizza ingredients
1153	go palette by makeup forever
1154	put this coconut oil on it
1155	keep the yolk a little runny
1156	add our pink cool whip
1157	prep the soil
1158	finish it off with a sheer lipstick
1159	entertain younger children
1160	stir next
1161	add our chicken mixture
1162	wipe down the benches
1163	stir it we
1164	stick them right on
1165	make this butternut squash kale salad with the maple tahini
1166	decrease the dry time
1167	watch netflix in the background
1168	get this full healthy chocolate blueberry pancake grace
1169	look into that website
1170	make a great shower door cleaner
1171	add a little bit of turmeric to my scramble
1172	take magnesium
1173	bring it down to a simmer
1174	make this oatmeal
1175	got some greens
1176	measure it out properly
1177	make a quick sauce
1178	put a little spoonful onto each letter
1179	follow by my cream cheese
1180	cook our quinoa
1181	do this mud mask
1182	pick up a few of those things
1183	saute some kale in a pan
1184	do my hair in that case
1185	open them
1186	remove the core from them
1187	throw a drink recipe in the mix
1188	use organic black beans
1189	unpack shoes clothes
1190	serve them on top of my toast egg on whole grain rye toast
1191	add the full avocado
1192	make this recipe
1193	use august containers
1194	reduce redness or puffiness
1195	get fresh greens
1196	put your ponytail in between the two slots
1197	give it a taste test
1198	get your fruits
1199	add the basil
1200	put about a tablespoon
1201	cut the top
1202	use ground chia seeds
1203	stain them front
1204	make your own rain stick with a few supplies
1205	use the magic foundation by charlotte tilbury
1206	add tbsp of xylitol
1207	use any yogurt
1208	do a roast chicken breast
1209	clean off
1210	hold it in place
1211	throw the cushions around
1212	match wood
1213	pair it with some really simple ezekiel toast with half an avocado
1214	do a little bit of our cream
1215	write down some plans or some ideas
1216	put the lid back on
1217	chang into my workout clothes really quickly
1218	use parsley or basil any other fresh herb
1219	throw in the rest of your ingredients
1220	measure out about one tablespoon of coffee out about one tablespoon of coffee grounds into a fold paper
1221	dress always
1222	blow-dry my hair
1223	put everything in the dishwasher
1224	munch on some snacks
1225	brush your teeth
1226	play with our pom poms as always
1227	wash my face with a gentle cleanser
1228	pop these in a degree preheated oven for to minutes
1229	clean them
1230	put the chocolate near one of the corners
1231	wipe down of the countertops
1232	top it with one flat teaspoon of unsweetened almond butter
1233	rub off any extra dirt
1234	put five drops of each oil in there
1235	mix all of that in to some olive oil
1236	chop it up
1237	flip these
1238	sprinkle powdered sugar on top it
1239	add my toppings
1240	make it a cute little outfit
1241	head to bed
1242	brush over my hair
1243	rub that in
1244	go into my living room
1245	prepare my pasta
1246	take a tablespoon of this
1247	shake that up
1248	chop up banana
1249	chop onion
1250	do our own thing for a few hours
1251	use my maybelline mascara
1252	add in
1253	mix it all up with my special bamboo tea whisk
1254	wipe them down almost every day
1255	sprinkle it over top
1256	use my miter
1257	take the cardboard
1258	add a little bit of vanilla extract
1259	wipe down the mirror
1260	drill in screws
1261	add their toys
1262	secure it with two knobs
1263	reheat it in the morning
1264	head back downstair
1265	wipe down my bar stools
1266	use concealer
1267	use a nonstick pan to two minutes on each side
1268	use them for several uses
1269	pour a solution into a container
1270	use some edamame hummus
1271	pop that right into our saucepan
1272	remove all of that fluff
1273	add half a cup of cook quinoa
1274	get out of bed
1275	put away the rest of my leftover soup
1276	paint it
1277	apply a moisturizer
1278	add some rosemary from the garden
1279	cook
1280	stir it up
1281	clean off the table
1282	do a little bit of a wing
1283	add some natural sweetener
1284	wash my face with cold water
1285	fix the bed
1286	sprinkle on your brown sugar
1287	gloss in the shade
1288	wear these quite simple blue rip jeans
1289	start the first thing
1290	blend it up
1291	grab a nice size rock from outside
1292	try to dust once a week
1293	stock the bathroom with my favorite products
1294	add in any nuts or seeds
1295	prepare mine with almond milk
1296	add stevia to this then about cup of your favorite nuts
1297	got this little orange juice
1298	drizzle with some olive oil
1299	move back into the shower
1300	use photographs
1301	add a pinch of sea salt
1302	finish it off with these holographic gemstones
1303	got my pasta on the stove
1304	mix our ingredients
1305	clean up your house
1306	add in your ripe avocado
1307	put that on like the lower parts of my cheeks
1308	hang succulents plants outside
1309	use a skin brush
1310	make a little bedtime snack
1311	melt into the oats
1312	head downstairs
1313	use regular oats
1314	put on the lid or the top of the sandwich
1315	cut slits
1316	add really good lean protein to my lunch
1317	mix in our activator
1318	use my hose extension to clean inside of them
1319	head to the living room
1320	press it
1321	pour that into the water
1322	drink some more water
1323	top it with some avocado slices
1324	go to my gym
1325	add in your banana deliciousness mixture
1326	use at least the cinnamon
1327	sweeten it up a little bit
1328	start with the top of the cabinets
1329	give it a good mix
1330	measure the length of the wall
1331	take two pieces
1332	write those things down
1333	make a tea latte
1334	make over my little bookshelf
1335	plan out my day
1336	blow it
1337	combine the white beans
1338	start to clump together
1339	clean the toilet
1340	use the center point of the wall
1341	wipe the entire mirror down with the water
1342	got some black on the top
1343	pour in your water
1344	put that right over top
1345	put that right on
1346	marinate my salmon
1347	finish with a lip balm
1348	push it into the ground
1349	stack your two pieces
1350	mix that with my sunscreen
1351	keep it all organize
1352	line up your holes
1353	apply some us lip balm
1354	listen to music
1355	use vinegar
1356	put together a slightly healthier mayo combo
1357	use baby tomatoes
1358	wear safety goggles
1359	start with four to six cloves
1360	put the mattress underneath noah bed his bed
1361	set your alarm
1362	mix some black pepper some sea salt
1363	put as much as little as like
1364	get some food
1365	give it a nice angled cut
1366	layer in the jar
1367	organize your supplies
1368	use coconut sugar or agave
1369	measure it appropriately
1370	head out the door
1371	personalise your backpack
1372	apply to the eyes
1373	add some cilantro on top
1374	put product right on it
1375	cook it
1376	top my with an egg
1377	mix throughout the eggs
1378	sprinkle a little bit more of cinnamon
1379	add olive oil over medium heat
1380	put my clothes away
1381	eat my little pumpkin waffles or pancakes
1382	get pizza
1383	grab my handbag
1384	whip them up with a fork
1385	use my emergency supply of canned chickpeas
1386	give it a really good shake
1387	drink some kombu tea
1388	add fresh herbs
1389	pack our very well
1390	screw the galvanized piping into those flanges
1391	add your onion
1392	take my neutrogena natur fresh facial cleanser
1393	do it in one load
1394	have some water
1395	straighten it
1396	do about a heaping tablespoon
1397	call it my rest nest with a candle some crystals from the shop
1398	insert about three
1399	do a little bit of eyeshadow
1400	add some crunch
1401	snap a pic of this list
1402	use this new protein powder
1403	go on netflix
1404	sprinkle of nuts
1405	add portobello mushrooms
1406	prep for the boys
1407	rock out to here
1408	got a book
1409	throw on the tv
1410	add your veggies a few canned ingredients your barley
1411	add in my dry ingredients in a sifter
1412	turn on
1413	keep a pantry tally list on the inside door of my pantry tag
1414	put a large container of this aside
1415	use a little tiny bit of essential oil
1416	throw basically whatever into the blender
1417	take with me into a container
1418	blush color on my lips
1419	sprinkle that in
1420	pop it into the oven on the lower shelf
1421	pack things like sunglasses
1422	dust part off
1423	get a little spa treatment
1424	boil in my steamer
1425	drizzl a little bit of coconut oil
1426	pour it into my glass
1427	top my salad with of an avocado
1428	zip locks
1429	take a paper towel
1430	cook for minutes on medium heat
1431	make the bedroom look really clean
1432	put that on my cheekbones
1433	curl mostly the front pieces
1434	use this method surface cleaner
1435	blush on
1436	top it off with my homemade almond milk cream
1437	use any sweetener almond butter cinnamon nutmeg
1438	throw in some eggs
1439	massage your kale
1440	paint a really light layer of paint
1441	go to mash up the avocado
1442	add all of these veggies
1443	found this game
1444	fill my water bottle with around of ice
1445	chuck it in the juicer
1446	cook my vegetables
1447	add your salt
1448	mix it all up
1449	cut them with my miter
1450	take a cloth
1451	add them to your hot oil
1452	do some balsamic olive oil little bit salt
1453	use regular eggs or egg whites
1454	run it along your baseboards
1455	toss that up quickly with the sauce
1456	take construction paper
1457	stir that all
1458	do tie off the two ends
1459	sign up for a newsletter
1460	mop this thing
1461	add one teaspoon of pure maple syrup
1462	put away our pineapple juice
1463	use lemon or orange
1464	got these roasted seaweed snacks
1465	create these containers
1466	slice up our onion
1467	throw cushions back
1468	stick this right in my recipe binder
1469	add in your veggies
1470	get your egg mixture together in a separate bowl
1471	garnish it
1472	move that with a wheelbarrow
1473	eat my breakfast
1474	take my jacket off
1475	use one tablespoon of unsweetened cashew nut butter
1476	add a few strawberry slices on top
1477	got it to a boil
1478	sprinkle that over top of your frozen fruit
1479	make kind of a bowl or a big salad plate with lots of different components
1480	write down the most important things
1481	give it a good vacuum
1482	serve my spaghetti in a bowl
1483	make my basic chia pudding recipe
1484	zest a lemon
1485	add some mascara
1486	do my hair for dance
1487	use my dollar tree cloth
1488	get my greens for the day
1489	make a lactation support smoothie
1490	use this old shirt
1491	measure out half a cup of hummus
1492	use this conair curl iron
1493	start with coffee
1494	dress on top
1495	dress to whatever consistency
1496	make homemade almond milk
1497	use some window cleaner
1498	add a bit of gel food
1499	use spatula here to kind of mix them up
1500	take off your shoes
1501	head over to my desk area
1502	make tea in the evenings
1503	put some soft scrub on the area
1504	make a bomb or a lotion
1505	like the green apples
1506	sprinkle them on top
1507	see bone broth at the farmers market
1508	bake until
1509	blend
1510	assemble all of your veggies together
1511	scoop on your cook quinoa like on a salad
1512	serve
1513	make a small effort with your outfit
1514	make your bucket list
1515	make a creamy cheesy yellow squash sauce
1516	read a book
1517	store my avocado
1518	make breakfast my favorite breakfast
1519	pull out a few stress relief products
1520	go off to the dirty wash basket
1521	match same colored objects
1522	look over my list again
1523	use a miter
1524	take a bucket
1525	use the highlighter
1526	head outside with my dog
1527	chop them up in large pieces
1528	start with my hands
1529	drizzle a little bit of olive oil on there some salt
1530	relieve your cramping
1531	throw on that butternut squash roasted butternut squash
1532	blush there
1533	cut all the way
1534	use the coconut body lotion in combination with a lavender oil
1535	use an oil
1536	add one drop
1537	smell that
1538	make yourself a banana strawberry peanut butter smoothie
1539	make fried eggs
1540	use parsley or basil whatever herbs
1541	got my coffee
1542	give three amber glass bottles
1543	put on at my lip product
1544	use this champagne gold color
1545	see a fitness routine
1546	roll it down towards your head
1547	waste water
1548	put a layer of cranberry
1549	go up to the playroom
1550	add my essential oil mix
1551	take one full banana
1552	add some sea salt black pepper
1553	got a little snack bar
1554	hydrate the eyes
1555	give my hair a brush
1556	wipe down all of the surfaces
1557	get through all of these products
1558	use almond or cashew nut butter
1559	add the teaspoon of olive oil
1560	use either a whisk or a fork
1561	add to the mixture
1562	stir it up gently
1563	stir that up
1564	clean out my sink
1565	make a bed
1566	give your skin that healthy glowy look
1567	pour the extra marinade on top
1568	get back into bed
1569	stir another oats
1570	dress up
1571	clean wipes
1572	blend up
1573	clean those up
1574	stick it in a crock pot
1575	run it along
1576	use my mixed nature face cream
1577	add under cups of water
1578	walk in the early evenings
1579	use any kind of milk
1580	do a face mask
1581	add in my broccoli then my zucchini
1582	choose a really simple black handbag
1583	give it a quick shake
1584	crack them into a small size bowl
1585	lend it a little bit into your crease
1586	break that up
1587	leave a small space open
1588	chop up
1589	do a quick vacuum through there
1590	use a tiny little pinch of cayenne pepper or chili if like spicy food
1591	hang it somewhere in your room shoes accessories
1592	crumble apart your dough
1593	add some nutritional yeast
1594	add about a tablespoon
1595	add in your tomatoes
1596	cook brown rice
1597	dance
1598	put some rocks on the very bottom
1599	take off any extra moisture
1600	chop up cilantro
1601	add some salt to the sauce
1602	place the bowl inside of the hole
1603	prep your oatmeal
1604	use a product
1605	smell it in your hands
1606	add about an eighth of a cup of liquid detergent
1607	remove them from the bath
1608	spread this on the dirtiest parts of your oven
1609	wipe them down about once a week
1610	put a lid on top
1611	print out every recipe
1612	top my oats with some fresh mango
1613	chop up some lemon zest
1614	put oils
1615	do some skincare
1616	scroll through social media first thing in the morning
1617	side lipstick
1618	fill the rest with water
1619	put fabric softener
1620	use in my kitchen
1621	simmers for minutes to an hour
1622	use reusable grocery bags in the deep freezer
1623	make this vegan chickpea tuna salad
1624	look over to my sock drawer
1625	add powdered sugar
1626	get my notebook
1627	organize all my time
1628	break up the eggs super quick
1629	fit the toothbrushes
1630	make yourself a cup of tea
1631	play on my phone
1632	apply my gold serum to my eye area
1633	add half a cup of coconut of a cup of flaxseed
1634	use one cup of frozen blueberries
1635	clean our toilets
1636	add a really good crunch almost like a sunflower seed
1637	use dish meyers
1638	wrap it around
1639	dump it on the walls
1640	wear sunscreen
1641	screw the loop screws into the top of the frame
1642	do my makeup
1643	saute it all in some coconut oil
1644	add good protein fiber
1645	take some walnuts
1646	add some frozen berries like strawberries blackberries blueberries
1647	curl my lashes
1648	add a little bit of unsweetened almond milk or a little drop of water to the oats
1649	follow the line
1650	use the light shade
1651	fit on this bath tub
1652	add great flavor
1653	put the wall hooks into the wall
1654	add some chia seeds
1655	add some fresh blueberries on top with some raw pecan nuts
1656	eat cubes of baked tofu
1657	add that to your pan with cups of milk
1658	force yourself out of bed
1659	add some of my corn beans
1660	use the fresh banana
1661	pop in the tomatoes
1662	move on to my hair
1663	turn the chalkboard over
1664	add to the top then my bread
1665	go into four different ziploc bags
1666	put a few onto each little rest
1667	slip it
1668	add a little bit of honey
1669	use two teaspoons
1670	moisturize
1671	throw in a pinch of ground vanilla powder
1672	do some body brushing
1673	drink this plain
1674	head out into the living room
1675	clean up all of your dirty clothes
1676	blend all of these together
1677	add that to a jar with half a cup of water
1678	cut up our slime
1679	line with the produce bag as a mini trashcan
1680	cook after a couple minutes
1681	add my cumin
1682	use my bag
1683	sit down
1684	add tsp of olive oil
1685	pour it on the same pan from anywhere from low to medium heat depend on your stove
1686	use a carrot
1687	pick out something
1688	got some pure maple syrup
1689	apply the cc cream
1690	clean the kitchen
1691	add some sockeye salmon
1692	rinse off
1693	take a scrub brush
1694	put some unsweetened coconut oil in it
1695	mop if
1696	works really beautifully under makeup some moisturizers
1697	add all the veggies
1698	write lists
1699	use a vacuum
1700	take one full scoop
1701	put small balls on a baking sheet
1702	give it a sweep
1703	get presley these peppers
1704	use filter water
1705	use a pie
1706	use half a cup of frozen blueberries
1707	put back into its rightful place
1708	put the sauce on
1709	put the dry shampoo
1710	try this recipe
1711	moisturize my body every night
1712	got some romaine
1713	add it to molds
1714	clear up the counters
1715	use it on my refrigerator
1716	top my oats with one tablespoon
1717	develop a recipe system
1718	use fresh or frozen banana
1719	heat up
1720	cut here
1721	stain it a dark brown of course
1722	write down all the reasons why
1723	head straight into the shower
1724	blow away the wood dust
1725	fit into a taco
1726	got half a cup of fresh cherries half a cup of blueberries
1727	put it on your lower abdomen
1728	melt
1729	rotate them from the inside to outside
1730	cut into squares
1731	walk to the bus
1732	make the cal drake concentrate cleaner
1733	move on to my makeup routine
1734	store my online recipes on pinterest
1735	meet the mark
1736	take a bunch of lemons
1737	finish my coffee
1738	pick up
1739	play all different types of games
1740	roll them up right
1741	create my measurements
1742	put that all into the mason jar
1743	top with my super green avocado mixture
1744	create au bed
1745	add some raw unsweetened coconut flakes
1746	slice it into cubes
1747	add in a little bit of lemon zest
1748	pick out this white shirt with this cute coral floral print
1749	wrap your yarn
1750	wash that out
1751	add a mirror into here
1752	shake up your bag
1753	add my vegetables
1754	defrost right in there
1755	go to dice this red bell pepper
1756	start with my veggie mix
1757	open up my fridge
1758	go under the hair
1759	take the kale
1760	figure out how to meal plan
1761	dress recipe a squeeze of fresh lemon
1762	clean like a boss for the top of the stove
1763	put some really light things on the shelving like a few towels
1764	start to dry dust our furniture
1765	add about a quarter teaspoon of cinnamon
1766	fix my cushions up
1767	add about a third of that package of the silken tofu into a nonstick pan
1768	mix with the almond milk
1769	cut one whole apple up
1770	enhance the flavors
1771	clean the surface of my kitchen
1772	prep before
1773	clean up
1774	put things away
1775	add a little dollop of sour cream
1776	work the apples
1777	store my milk in these little jars
1778	put some wedge by mac in the crease of my eyes
1779	make the smoothie really creamy
1780	go into the bathroom
1781	slice up on top
1782	get rid of any knots
1783	take some feta cheese
1784	add the rest of the ingredients
1785	pop this into your nutribullet
1786	use the color nudist
1787	customize these
1788	wake me up naturally
1789	mirror clean
1790	add the kale in there
1791	apply that first
1792	attach to a keychain in an unexpected perk
1793	use half or full banana
1794	drizzle all over
1795	go out back into my bedroom
1796	screw the bracket
1797	saute it now
1798	chop them up with a sharp knife into inch cubes
1799	use it as like a checklist
1800	bake some chicken in the oven
1801	set aside some
1802	create a really beautiful arrangement
1803	eat my meals
1804	toss gently
1805	curl
1806	do this particular makeup look
1807	add some sweet potato on the bottom
1808	cut strips
1809	remove the clamps
1810	deal with fresh lemons
1811	defrost a little then to a blender
1812	prepare mine with avocado
1813	add in your butter lettuce
1814	brush out my tangled mangled hair
1815	line with your favorite marinara sauce
1816	throw clothes on chairs or over my dining table
1817	top it with some coffee
1818	braid those together
1819	put it away
1820	stuff all of my tortilla shells
1821	take this kendra volume spray super
1822	lay out
1823	make my three creamy and delicious detox salad dressings
1824	add some vegetable bullion
1825	sit on a chair
1826	use my hands
1827	use a clear glue
1828	use quarter to half a cup of water
1829	give me like spa treatment facial vibe a mini spa treatment at home
1830	get some protein
1831	trace the bottom part of the bowl
1832	add of an avocado
1833	use my favorite cleaner
1834	fill the rest up with water
1835	add a little bit of crack pepper
1836	reduce static
1837	do my clothes
1838	color to the cool whip
1839	cool crispy mushrooms
1840	add shredded carrot
1841	put on a bit of makeup
1842	put some mascara on
1843	got some pure ohio maple syrup
1844	put on the trashy tv
1845	run through the baseboards really quick with a dryer sheet
1846	add those to my plate
1847	make your own bath salts with epsom salt
1848	give them a really nice full look
1849	add a little bit of brewers yeast
1850	snapchat
1851	got spirulina powder some nutritional yeast some cumin some black pepper
1852	toss this all together
1853	go over to my window
1854	do as much mascara
1855	insert them through both holes
1856	apply your cleanser to the brush with some water
1857	chop green bell pepper red onion cucumbers
1858	mix that in
1859	continue this process all the way down the length of your stick our nails
1860	blend in this dark color
1861	put it on
1862	drip through actually
1863	do my hair everyday for dance
1864	form a creamy consistency
1865	customize your lightsaber
1866	put over my kids cribs
1867	put back
1868	remove the cardboard frame
1869	give our oatmeal a nice creamy consistency
1870	look at your phone
1871	watch clueless this morning
1872	make a sandwich
1873	mix them together
1874	got most of the liquid out
1875	add our garlic
1876	add the chicken to a bake tray
1877	make my markings
1878	reach for products
1879	get some lemon juice all over that avocado mixture lemon
1880	go on my trace line
1881	turn the burner on to low heat
1882	put some lavender in there
1883	vacuum at least like two times a week
1884	wipe some of it off
1885	unbox my new handbag
1886	watch this video
1887	change into my outfit for that day
1888	add almond milk or water
1889	use pasta
1890	follow the same steps a layer of ice cream sandwiches
1891	add about a quarter cup of water
1892	clean all over my house
1893	put it in a bowl
1894	put on your favorite toppings
1895	wipe down our bathroom
1896	use the it cosmetics
1897	grab my bag this one
1898	drink our tea
1899	put about a spoon for each pancake
1900	clean my kitchen
1901	make chicken for dinner
1902	go outside for a second
1903	put a concealer under my eyes
1904	put in one part dish soap to one part of white vinegar mix it up
1905	dry apricots
1906	use half the amount of the cinnamon
1907	disinfect
1908	cut up strawberries
1909	got some zucchini a small red onion
1910	clean off the counters
1911	add to teaspoons of pure maple syrup
1912	put boxes
1913	do a light surface cleaning of your kitchen
1914	clean up breakfast dishes from the sink
1915	put it on your skin
1916	find a different eye line
1917	take the saucepan over to the stove
1918	fall asleep
1919	add in all your ingredients into a blender
1920	got these hillary world best veggie burgers for us
1921	strain it
1922	use kale base for my salad
1923	make dinner for the kids
1924	cover with aluminum foil
1925	share with my current makeup routine the products
1926	get my dyson
1927	apply bronzer on to my cheekbones
1928	roll my last one up
1929	give it a good shake drizzle it all over your salad
1930	add some of the greens
1931	drizzle it all over
1932	remove the piece
1933	throw on my little nike runners
1934	repeat the same thing with your second piece of page fold your corners up
1935	add half a cup
1936	put it in your bowl
1937	go down here brown rice spaghetti
1938	top it with raspberries
1939	make my absolute favorite green smoothie recipe
1940	add some ice cubes
1941	use this serum here
1942	add some slice bananas one cap full of vanilla extract a dash of cinnamon
1943	fix my computer related cables
1944	use a wood board
1945	take oatmeal to the next level
1946	go ahead in your crock pot or slow cooker
1947	add our black eyed peas
1948	use the method toilet bowl cleaner
1949	put on a face mask
1950	get yourself some disposable pans
1951	put the top on
1952	make a quick peanut sauce
1953	create holes in the wood
1954	cut the wood pieces now
1955	add one flat tablespoon of unsweetened almond butter
1956	touch them
1957	go from the crease
1958	apply a la creme for the skin
1959	give me a little highlight there on my nose
1960	top my coffee banana overnight earth with a few extra fresh banana slices
1961	saute my vegetables in water instead of oil
1962	make your own salad dressings
1963	make the smoothie really refresh
1964	apply with my fingers
1965	cover other school supplies like binder clips or even pencils
1966	add it to a bowl
1967	pour in hot water from my kettle
1968	make out of a pool noodle instant tape
1969	use powdered peanut butter
1970	take a fork or a whisk
1971	put the membrane on the valve
1972	rinse out the shower for a few minutes with hot water
1973	light a candle of the same scent
1974	use half a banana at breakfast
1975	put all the jingle bells in there
1976	add in my white onion bell pepper
1977	put my hair in the braids
1978	take toys
1979	use my drill
1980	get our dinner dishes
1981	whisk it all together
1982	make your bed in the morning
1983	wash up all of my dishes
1984	fry some asparagus or veggie of your choice with some ginger
1985	clean it
1986	roll them up
1987	put the feta in
1988	spread it out
1989	use tea tree oil
1990	add some fresh basil
1991	rinse that same rag out with water
1992	take those out after about minutes
1993	remove my makeup
1994	start off with one cup of ice
1995	stir it
1996	use our roomba upstairs today
1997	use anchors
1998	set those in there
1999	add your dates in there
2000	head over to my closet
2001	add a few frozen strawberries
2002	cleanse in the morning
2003	mix
2004	fill the rest up with the frozen mango
2005	mop in my master bathroom
2006	mix all of that together
2007	screw in the right side of the screws
2008	add some puffy paint to the end of the toothpick for a pop of color
2009	give everything a vacuum
2010	start with some pumpkin spice lip balm
2011	get it clean
2012	put on my makeup
2013	get a little bit of freshener in the morning
2014	add this
2015	wash out my sink
2016	dress
2017	top my pancakes with some fresh maple syrup
2018	do a very light brushstroke
2019	use your favorite bread
2020	slide them between the two pieces of cardboard
2021	add about a teaspoon of pure vanilla extract
2022	hang in your kids rooms or in your room
2023	add a few other ingredients
2024	break apart
2025	use mango or the banana
2026	use the tea miralax tea
2027	put it on the center part of my forehead
2028	moisturize with the desert essence moisturizer
2029	apply to my face
2030	add about half a cup of water
2031	fill with succulents
2032	spritz a little lavender pillow
2033	wash my face over the sink
2034	do my hair as well
2035	pop in the frozen banana
2036	sprinkle on top of salad
2037	use dry beans
2038	spin the batter into the waffle maker
2039	make my own coffee
2040	put my hair in two braids
2041	chop here
2042	top it on top of some arugula with a little spoonful of avocado
2043	add another score or two
2044	take my coconut milk yogurt
2045	make the base of our slime start with three tablespoons of white glue
2046	steam some potatoes
2047	got some vegan mozzarella
2048	clean for them
2049	cleaning
2050	use the hose extension
2051	do the deep clean
2052	whisk everything together
2053	put picture frames or whatever
2054	add raw sunflower seeds raw sunflower seeds
2055	work in sections with my polish cloth
2056	add our veggies
2057	use raw honey
2058	add in some vanilla almond milk
2059	chop up all the ingredients
2060	add in your fresh herbs
2061	prep your arugula salad
2062	add a teaspoon of vanilla extract
2063	add the main ingredient with blueberries
2064	take the whisk
2065	add some eggs for add protein to this dish
2066	chop tomato cucumber
2067	look at my phone with for hours on end
2068	sort out the rest of the toys from the toy bin
2069	place this into a large bowl
2070	use this lightest shade
2071	wipe between the stove
2072	wipe down everything
2073	pulse everything up
2074	mash up the avocado
2075	add in your vanilla extract
2076	throw your tomatoes into a medium size food processor
2077	paint an entire side of your wall chalkboard
2078	fill one slice
2079	sit down at my computer
2080	cut our chicken into cubes
2081	put some cc cream on this
2082	remove the leaf from the really fibrous stem
2083	emulsify all the ingredients together
2084	add a little bit of water it
2085	use two teabags
2086	make cream now
2087	add a little bit of pumpkin pie spice
2088	put in our frozen banana
2089	hang those
2090	put a few things away
2091	prep our cilantro
2092	use olives
2093	try to spray
2094	use all of my fresh produce
2095	left over to dry in the sink
2096	check it with a spatula
2097	use half a cup
2098	add a few scores of liquid glycerin
2099	cover up
2100	put it in for minutes
2101	wear this diamond cute little bracelet
2102	make sandwiches in advance
2103	use a little bucket
2104	use a brush with natural
2105	cook risotto
2106	start off with my foundation
2107	use one cup of unsweetened almond milk with some spinach
2108	add tsp of macadamia nut oil to a pan
2109	make a list with everything
2110	stir it together
2111	put it in a double ziplock bag
2112	top it off with the rest of our banana
2113	fix on the hardware
2114	make coffee or tea
2115	prepare my oats
2116	take a greased cookie sheet
2117	blend my classic strawberry banana smoothie
2118	mix a cup of glue
2119	pop the lid on
2120	make it from a dry to a more wet consistency kind of like a cookie dough
2121	get packaging
2122	put everything away
2123	add about a half of the diced onion to the mixture
2124	combine the last of their laundry
2125	do art projects
2126	add one tablespoon of macadamia nut butter
2127	use a whisk or whatever like
2128	put it with some water
2129	make your bed every morning
2130	add about a third of a cup of chicken stock
2131	bind all of the ingredients together
2132	got these button mushrooms
2133	use the meyer ever mint scent dish soap
2134	add some red wine vinegar
2135	use this mundu toner
2136	wipe this down at multiple times a week
2137	add in my greens
2138	load up the rest of the dishes into the dishwasher
2139	add to tsp then about to cup of water or coconut water
2140	sprinkle that on okay
2141	put it all over my entire body
2142	use a fuji apple
2143	hop into bed
2144	put on my pjs
2145	throw pillows
2146	go on instagram for like a minute or two
2147	do one eye on camera
2148	take our lid off
2149	fill the garden
2150	put this on okay
2151	keep a few of those things in the drawer
2152	add a little bit of extra flavor
2153	cook it yourself
2154	simmer for about five minutes
2155	clean the glass
2156	add my water today
2157	eat it
2158	do a quick of my stove
2159	move on to my eyebrows
2160	add your seasoning like simple salt
2161	do some reading
2162	clean your own homes
2163	put this into a glass container
2164	take them all out
2165	add half a cup of sliced strawberry pieces
2166	go back upstairs
2167	coat the bottom of a nonstick pan
2168	cover it for about to minutes
2169	wipe down
2170	toss pumpkin
2171	put them in the food processor along with two tablespoons of tahini
2172	cook skinless chicken breast pieces
2173	work on my list
2174	moisturize with the desert essence
2175	serve it with an avocado for some healthy fat the eggs
2176	make my quick oats with pomegranate
2177	add a little bit of essential oil to the pad
2178	use the meyers peppermint scent
2179	boil or simmer some hot water
2180	grate
2181	dress this salad
2182	work great really like this method stainless steel cleaner
2183	blend this all out
2184	part it like this
2185	bake soda generously at the bottom of your sink
2186	use this honest beauty in the shade treaty magnetic heather mauve
2187	clean under my desk
2188	add all of my sauce right in there
2189	add some peanut butter
2190	make a little effort with your hair
2191	boil my water
2192	cut it to about like what the size the cucumber
2193	start off by prime my eyelids with the painterly pro longwear paint
2194	hang these up on his wall
2195	add some spicy chicken sausage
2196	make it even
2197	jumpstart my hydration for the morning
2198	found my breast pump
2199	add in some essential oil to my sink
2200	take your tube
2201	get some water on my face
2202	put on some deodorant
2203	rose water spray
2204	wrap the yarn
2205	fluff my pillows
2206	take a dremel
2207	use some whole rye bread
2208	snuggle a little bit longer
2209	add to my green smoothie
2210	read the secret daily teachings books
2211	keep in the fridge vitamin b
2212	add some nut fat on top
2213	put some things away on our counters
2214	toss now
2215	wrap it around the middle with the frame
2216	line my lips with that
2217	use my honest beauty everyday moisturizer
2218	stir it all up
2219	iron it
2220	use half a cup of strawberry slices
2221	make good natural lip balms
2222	take my chia seeds
2223	chop them into really thin slices
2224	make some moss arrangements
2225	add some toppings
2226	spread it
2227	highlight my inner corners
2228	go like a little burrito
2229	add some almond milk to my travel mug
2230	add in different ingredients like this gold glitter slime
2231	add in some frozen blueberries
2232	get yourself ready for the super busy day ahead
2233	put my favorite trail mix
2234	make a cooling foot cream
2235	get me physically out of bed
2236	use the hydrating daily facial moisturizer
2237	get rid of all the dirt
2238	add a capful of vanilla extract
2239	punch a circle out of your paper
2240	remove a few of the spikes
2241	pull the eggs into the pan
2242	set my eyebrows
2243	stretch routine
2244	go over to my desk
2245	use this elf foundation
2246	see my pizza
2247	wash off this face mask
2248	wipe down phase
2249	make him some breath cookies
2250	add the oats to a bowl
2251	take some maple syrup
2252	put some paper towel on top of it
2253	use like a wet cloth
2254	add some avocado
2255	add my greens right to this same bag
2256	make a garden bed
2257	add in my onions
2258	plan my ideal morning routine
2259	add some of good protein
2260	do some sauce
2261	top it off with a little bit of hemp arts for some extra add protein
2262	drizzle some italian
2263	add a dash of vitamin e oil some cinnamon essential oil clove essential oil
2264	make a bed in the morning
2265	tie them all together
2266	put on a huge warm comfy sweater
2267	add the main ingredients the hummus
2268	try this super easy banana
2269	bake it for about to minutes
2270	got some blueberries
2271	cleaning supplies for around the house
2272	start off with this maranatha almond butter
2273	use the spices
2274	use the clarisonic mia
2275	decor beautifully
2276	make the dress
2277	do the laundry clean up
2278	mix this all up
2279	use a few matte colors for around my eyes that light brown color
2280	use essential oils
2281	add about one cup
2282	clear the kitchen out
2283	add my essential oils
2284	bring out the chocolate flavor
2285	take no more than three to five minutes to kind of heat up
2286	use about a cup
2287	sift it
2288	dump those in
2289	find a stud
2290	go for the apple of my cheek it my lip color
2291	use a pair of scissors
2292	make dinner
2293	drill the posts into the new pieces of wood with our new measurements
2294	use the cinnamon
2295	cover with a little bit of water
2296	add half a banana for a little sweetness
2297	add a third of a cup of water
2298	start with about two cups of cashews
2299	cut them in half
2300	turn off the ends of our toothpick
2301	sprinkle the pumpkin seeds on top
2302	slide it all the way
2303	use another good cooking oil
2304	pour a bucket of warm water over all the walls of the shower
2305	add in cilantro green onion red onion red pepper
2306	add about one teaspoon of vanilla extract
2307	round it out with clean my floor
2308	go to real school
2309	blend for about one minute
2310	come up with a manageable system
2311	take a handful of my baby spinach
2312	hydrate
2313	mix that all up
2314	make a lentil kale soup
2315	use fresh blueberries
2316	keep a master list of all my recipes
2317	bring this up my nose
2318	pick up the books
2319	make oatmeal
2320	make a smoothie
2321	cut that in half
2322	take your whole almonds
2323	prepare all of your food for the next day
2324	cut right through them
2325	add a little bit of black pepper
2326	write all of your bucket list items on to your jingle bells
2327	squeeze half the lemon straight into there
2328	do the dishes
2329	prep the other ingredients
2330	scrub it with a toothbrush
2331	sweetened almond milk
2332	got some short grain brown rice in a pan with some vegetable stock
2333	fold on it over
2334	shelve on top
2335	smell like tangerine
2336	vacuum our room
2337	make this vegan lunch meal prep
2338	add them to a ziploc bag with a paper towel at the bottom
2339	clean off my entire office space
2340	put the bowl
2341	take some almond butter
2342	cook your eggs
2343	play a board game with me
2344	wrap it around the top
2345	wipe it down with a wet rag with water
2346	use my phone once
2347	rinse off my face with their cotton gentle sensitive skin
2348	use a blender
2349	put about half a cup of chia seeds in your container
2350	read for that day
2351	use a cleanser
2352	got some gerade kombucha for me
2353	put those toys away
2354	mix some sea salt
2355	use six drops of frankincense six drops of cedar wood six drops of wild orange essential oil
2356	shake for good measure drizzle it all over your salad
2357	add whatever essential oils
2358	add the cilantro
2359	put them in your tupperware
2360	write things down
2361	drop this whole thing
2362	use this color bronzer
2363	sprinkle of black pepper
2364	use a creamer
2365	scrunch up some tinfoil
2366	get the zest of one lime wash
2367	do a really really really quick stretch
2368	work on dinner
2369	put in a ziploc bags
2370	scrape down the sides half way through
2371	use the method antibacterial bathroom cleaner
2372	take the edge off
2373	look the ingredients
2374	use this like light brown
2375	apply my cc cream from it cosmetics
2376	get my makeup
2377	go in with my brie cheese
2378	add a few drops of essential oil into my drain
2379	drain all
2380	pour the mixture
2381	serve that on the plate
2382	add a few pieces of raw shrimp
2383	use power washers
2384	sprinkle a little bit of my pink himalayan sea salt
2385	come home from somewhere
2386	clean the floor it
2387	eat a healthy breakfast in the morning
2388	do all of my emails
2389	turn it on
2390	put all of the dry dishes
2391	add all of the chickpeas to a bowl
2392	blush every single day
2393	apply my lipstick
2394	stain
2395	watch the sun
2396	add an avocado
2397	do a detox this recipe
2398	wrap that all up
2399	use them
2400	use the beauty water
2401	clean once
2402	throw my hair up in a messy bun
2403	add some salt
2404	add all the components to my little containers
2405	do on my other eye
2406	reduce any redness or puffiness
2407	boil water for about minutes
2408	clean my body with my exfoliate gloves
2409	make a hash
2410	slice it up
2411	pick up my outfit
2412	use lavender essential oil in my diffuser
2413	stir okay
2414	slice up your banana
2415	boil off your pasta accord to the directions
2416	pour them in a pot with some water
2417	add about a half a cup
2418	take two tablespoons of that
2419	pull out a mixture from my spice drawer
2420	use construction paper or circle cutouts
2421	look at this mirror
2422	use this around my eye area
2423	chop up a big handful of kale about one cup
2424	take my wild bear jam
2425	add the coconut milk yogurt
2426	use it on your dog
2427	stir cinnamon
2428	blend it
2429	cook this on low heat in your oil of choice garlic burns
2430	wash those up
2431	use soy products
2432	get milk storage bags
2433	get all the dirty dishes into the sink
2434	use some honey flavor natural body
2435	polish your stainless steel amazingly
2436	add a little parsley on top
2437	do one coat
2438	melt into like a nice cherry sauce
2439	rinse out with water
2440	dust with a little duster in the bathroom
2441	keep the jewelry really simple
2442	clean my skin
2443	make the overnight oats extra creamy
2444	cut things out
2445	snuggle in bed all morning
2446	finish my food
2447	light a candle
2448	add a half a teaspoon of spirulina powder
2449	buy some circle kale
2450	hang them all out on clothes horses
2451	use shave cream as oppose to gel
2452	use a mint aos
2453	add your stock or stock concentrate
2454	do measure
2455	add these
2456	pick out some sock
2457	clean up the toy room
2458	add flavor
2459	go to bed
2460	share my green detox smoothie recipe
2461	take them in my hand
2462	add a little bit of salt
2463	enjoy brushing their teeth in the shower
2464	go to kind of swirl that around
2465	use this jesse j palette by makeup forever
2466	go for really like this dark wood feel
2467	use a clear mascara gel
2468	meditate for minutes
2469	do a quick little dab of honest beauty magic balm to some on my lips a tiny little dab around my eyes
2470	store everything in a large plastic storage bin
2471	add a little bit more cinnamon
2472	add your egg mixture on top finish
2473	measure out half a cup of frozen blueberries
2474	add half a cup of sliced strawberries
2475	go to hairspray my hair in a couple of spots
2476	pop on the lid
2477	wear a very simple hoodie
2478	use some sliced bananas some protein granola fresh sliced peaches
2479	assemble your burrito
2480	got my lunch together
2481	chop up apples
2482	blend that into my neck
2483	wipe it down
2484	lay down
2485	give them a little bit of saute
2486	add for grams skinless organic chicken breast pieces to a mix bowl
2487	blend that all out
2488	grab my kindle
2489	add a pinch of cinnamon
2490	go back with the p ranade eyeshadows
2491	add good protein
2492	pull it nice
2493	make one of these ladders yourself
2494	put whatever veggies
2495	top it with the other half of the banana
2496	got our greens
2497	stain it dark depend on your style
2498	eat dinner
2499	throw everything into a blender
2500	use this coconut water shampoo
2501	do this in scrub vigorously
2502	fill it up with lots of sprouts
2503	use it on my face
2504	add a little bit of water
2505	try these tofurky slices
2506	tape it to the inside of your child lunchbox
2507	sprinkle it right over top
2508	add a little bit of milk
2509	make diy
2510	shelve there
2511	add some healthy fats to my salad
2512	hang two shelves
2513	put the oatmeal into my bowl
2514	take some eyeliner
2515	add a few drops of essential oil into it
2516	add some essential oils into my sink
2517	put away those miscellaneous things
2518	share a diy christmas tree bucket list
2519	recommend a smoothie
2520	cut up an apple
2521	use extra virgin olive oil a little bit
2522	add in this like collagen stuff
2523	add salt pepper some cayenne
2524	take my ezekiel toasts
2525	chop up an apple
2526	put the ice cream on the top then more sandwiches on the top
2527	add cup of water to a blender
2528	melt my butter
2529	lay out your clean asparagus onto a piece of foil top that with your fresh salmon note
2530	list a whole lot of things
2531	put them on to the valve
2532	give everything a really good shake
2533	divide the laundry
2534	add our second layer
2535	throw on the pancakes
2536	blend that all together
2537	start with some cardio
2538	use something to kind of even out my skin tone the little tiny bit of melasma
2539	write in my gratitude journal
2540	lay it out
2541	add in the juice of half of a lemon
2542	moisturize his skin
2543	grate the entire thing
2544	put away things
2545	clean with on the glass
2546	put a little bit of serum on a light hydrating serum
2547	put that right in there
2548	pour that into there
2549	play in the sand
2550	add chicken on top for some additional protein
2551	eat food
2552	start with my foundation
2553	soften up all the edges
2554	give a really good coating to your mushrooms
2555	get a little water on your skin
2556	use my macadamia nut oil on my damp hair
2557	make a snack for myself
2558	add that teaspoon of spirulina powder a full tablespoon of nutritional yeast
2559	straighten the ends
2560	put the toothbrushes in it
2561	put mixed nuts
2562	put them in my bun
2563	top it off with a little bit of lemon juice
2564	set aside a drawer in your kitchen
2565	play with we
2566	keep my probiotic in the fridge
2567	wipe them down with a wet rag with water
2568	chop
2569	get long pieces of wood
2570	cook these oats
2571	caramelize slightly
2572	combine the rolled oats flax seed meal
2573	stain some wood
2574	read
2575	drill into the wall
2576	use my creamy lemon ginger salad
2577	flip this one over
2578	hit the snooze button
2579	open a can of white beans
2580	take my dance bag
2581	add in the coconut milk maple syrup coconut oil almond butter
2582	stir that all together
2583	wash my face
2584	stir everything all up again
2585	make some really easy diy wood coasters now
2586	go to dice it into cubes
2587	add some pomegranate seeds
2588	brews for about three to four minutes
2589	take my pot over to the counter
2590	flip over on each side
2591	put in the microwave
2592	make myself some food
2593	soak overnight
2594	run a dishwasher load
2595	hold the iron on each patch for a few seconds without any patch for a few seconds without any steam
2596	spend all day cleaning
2597	put on top
2598	use the method glass
2599	use a melatonin spray
2600	add my italian tomato chicken to my plate
2601	pack the lunches
2602	wind down with both of them
2603	use half a cup of coconut water
2604	cut up some fresh parsley
2605	cook the oats for an extra few minutes
2606	do either upper body weights or lower body weights
2607	stain specifically for this
2608	add in your baking powder
2609	add a mixture of five eggs
2610	do all my other cleaning
2611	put in your bathroom
2612	put some hyaluronic acid serum on my face
2613	add a full cup of banana
2614	use this mascara brush
2615	line them with a little bit of parchment paper
2616	make slime with kids
2617	put them on the bottom
2618	add chili powder cumin lemon pepper
2619	tablespoon of xylitol or sweetener of your choice egg whites strawberries fresh or frozen cup of greek yogurt
2620	put it over a medium low heat until the peanut butter
2621	add in your chicken stock
2622	put everything like your handbag your books your diaries
2623	make this omelet for an easy lunch or dinner
2624	got some romaine lettuce
2625	ship it right to my door
2626	put in our lime zest
2627	mix my coffee with a little bit of soy milk
2628	puree the sauce
2629	top it off with some hemp heart seeds
2630	disinfect wipes
2631	use oats
2632	do my hair
2633	take off the bedding from our guest bed
2634	use brown rice pasta spaghetti always
2635	get off any excess moisturizer or oils
2636	take two eggs
2637	brew off my tea
2638	tidy up before luke
2639	add a few popular ingredients
2640	stick it right in the garbage disposal
2641	pack as much of this chickpea salad
2642	take our scissors
2643	put them on this grate
2644	keep in a little basket underneath as well
2645	brew your tea for depend on the type of tea
2646	fill it up with water
2647	dim the blue light
2648	get these veggies
2649	spread out over half of the omelette
2650	lit on top of the raspberry jam
2651	add one banana to my blender
2652	add cup of ketchup cup of honey cup of soy sauce or bragg aminos
2653	exfoliate your skin
2654	absorb water
2655	add it
2656	seal
2657	start with our cardboard tube
2658	use ground cinnamon
2659	use the unsweetened vanilla almond milk
2660	use some moisturizer
2661	use fresh turmeric root or the powder ginger and then a little bit of sea salt
2662	put this on my brow bone
2663	tie my hair
2664	go in the oven
2665	give a little milliliter amber glass bottle
2666	add that in there
2667	add a little bit of vanilla
2668	use a little bit of mascara
2669	make a bunch of candles for a very little cost
2670	swim these
2671	stir it constantly
2672	fold all my clothes neatly
2673	create that kind of zen space
2674	finish that off with the juice of half of a large lemon
2675	add about a teaspoon
2676	pour cups of greek yogurt into a bowl
2677	get up
2678	wake up a little bit
2679	mix this together
2680	paint a board this particular paint
2681	add about a tablespoon of brown sugar
2682	add a big dollop on top
2683	take also about a tablespoon
2684	take some of these on bob red mill
2685	chop cherry tomatoes
2686	drill a hook in the back
2687	reduce cellulite
2688	stain this
2689	add half a cup of water
2690	use that with a scrubber
2691	distribut on my pieces of rye toast
2692	get crispy on all the sides
2693	douse these in old bay seasoning
2694	clean off my dining table this morning
2695	make myself tacos
2696	darken my creases slightly with the darkest shade in the palette
2697	add teaspoon of pure maple syrup
2698	add some cayenne pepper garlic powder
2699	brush through my eyebrows
2700	brush it
2701	combine that all together
2702	grab my favorite guest bag
2703	hanging plants inside in my studio
2704	take all of the parts out
2705	rinse it off with water
2706	sprinkle of almonds
2707	make a smoothie bowl or an acai bowl
2708	add this into a handy dandy little mason jar
2709	load our dishwasher at least once a day
2710	give him one
2711	flake teaspoon of pepper
2712	make sure the water
2713	go back into this eyeshadow palette
2714	put my meal together
2715	add it to my salad
2716	put the package in there
2717	squeeze the juice out of a lemon with my little lemon juicer
2718	get ready in
2719	cook for about five to eight minutes
2720	put the lid on
2721	pack lunch
2722	work with wood
2723	cut them up
2724	take some bake sheet
2725	cleaning for example
2726	put my greek yogurt in here
2727	peel it off
2728	take my dog to dog beach
2729	clean some ovens
2730	crack them right into the bowl
2731	iron it on my mom
2732	go on my nightly walk
2733	use a few fresh raspberries
2734	mesh down
2735	spread it on
2736	come down a little bit
2737	put a lid on top pop it in the refrigerator overnight
2738	use on cabinetry
2739	drizzl on that salad
2740	use one from an aluminum foil roll
2741	tastes pretty good
2742	make super quick chicken tacos
2743	make entirely new food
2744	use some of this burt bees
2745	head over to my bathroom
2746	crack the two eggs into the mix bowl
2747	get a coconut milk version ice cream
2748	twist it a bit
2749	go on my phone for a bit check instagram twitter snapchat youtube comments
2750	put my salmon on the tray spray both of those down with a little bit of olive oil
2751	cut it out on top of your other piece of cardboard
2752	eat my snack
2753	blend brush
2754	got my laptop
2755	mark it
2756	fill up each of your muffin cups
2757	wipe down everything from our counters
2758	add the tofu mixture to the veggies
2759	make dinner tonight
2760	add that to the mix
2761	wipe it off
2762	load up the avocado
2763	take your castile soap
2764	infuse honey
2765	use an anchor
2766	mop the floors
2767	use some tomato cucumber red radish
2768	prepare
2769	clean my apartment from top to bottom
2770	pack the dishwasher
2771	add the chicken
2772	make our sauce
2773	clean our stainless steel
2774	apply super serum
2775	add egg whites
2776	throw everything into a food processor with your olive oil
2777	add some healthy greens the flavor of the arguer
2778	sleep
2779	serve one gram chicken breast piece for myself
2780	curl my hair with a curl iron
2781	use almond milk
2782	fit on the inside of the bathtub
2783	take out the rubbish
2784	give the kitchen a little bit of a clean over
2785	screw into those flanges
2786	put one generous tablespoon into the bottom of a little glass dish
2787	check social media
2788	spread the granola out
2789	paint the wall
2790	put away the dishes
2791	go with six cloves
2792	shred apple along with the unsweetened almond milk
2793	put it through my garlic press
2794	clean it perfectly with water
2795	make lunches
2796	use my palm
2797	pour
2798	melt once they
2799	make in a few wood pieces
2800	put it on medium heat
2801	cook half a cup of dry rolled oats with two cups of water
2802	take these top pieces
2803	write items for this list
2804	add some fruit to my salads
2805	get my hands in there
2806	put this in a container
2807	screw it in from the other side
2808	assemble your salad
2809	try different products
2810	get really creative spread your cool hwhip on with a knife
2811	clean it out
2812	get out a muffin pan
2813	use one saucepan
2814	add to cloves of garlic
2815	put them both in a little bowl maple syrup
2816	eat it for me
2817	put it on a plate with some peanut butter
2818	make healthy chocolate overnight oats teaspoon of pure maple syrup optional
2819	push the strip through the ball
2820	wash it
2821	stick these on about anything
2822	stain on there
2823	get all of your soap
2824	hung that over his crib
2825	pierce it with a knife
2826	dry naturally
2827	make a healthy chickpea brown rice
2828	add tsp of macadamia nut oil
2829	wipe down my barstools
2830	add some ingredients to a food processor
2831	prepared meals for my family in two hours
2832	check all the socials instagram
2833	switch these specific skincare products in my routine for any other good natural skincare brand
2834	pick up all of the dirty clothes
2835	wake up naturally with the daylight
2836	put them in an ice cube tray
2837	mop our tile floors with my steam
2838	use original kalamata olives
2839	toss it
2840	roll these up
2841	measure out of a cup of the pumpkin puree into a mix bowl
2842	cook these accord to the directions on the package
2843	grab all of those things
2844	go to fry
2845	add some cinnamon
2846	take this sea glass it
2847	sprinkle some more cheese
2848	whip it with a kitchenaid
2849	blend it out with a beauty blender
2850	add one teaspoon of apple cider vinegar some salt
2851	leave it a little bit longer
2852	hop in the shower
2853	wipe down my counters
2854	sit next to
2855	come to bed
2856	take our two eggs
2857	take the butternut squash
2858	get my son ready for bed
2859	stir alright
2860	add some potting soil
2861	clean the bathroom
2862	add in swiss chard
2863	assemble my sandwich
2864	got some broccoli a big crown of broccoli with two russet potatoes
2865	use a fine mesh strainer
2866	pack for dance
2867	wipe down every single shelf
2868	hydrate facial toner by fresh
2869	wipe them off
2870	slice green pepper
2871	start first with the diy frames chalkboard
2872	get ready for the day
2873	vacuum at least once a day usually twice a day one
2874	add the red onion cilantro the spinach garlic my jalapeno pepper spices lemon juice
2875	cut the lemons
2876	screw those in
2877	put on my lipstick or tinted lip balm
2878	use some sharp scissors
2879	turn off the lights
2880	cook automatically personally like my veggies only lightly
2881	add some spices
2882	add about tablespoon of dry coconut flakes
2883	use the mineral spring water mist
2884	add some hummus
2885	melt together with an oil like vitamin e
2886	get some of your favorite bread some big lettuce like spinach or romaine
2887	put it in this little measuring cup
2888	cook brown rice or pinot in the fridge
2889	mix up around the oats
2890	do a clean with me
2891	top the hummus with some cherry tomatoes
2892	take the rosemary out
2893	make with seashell
2894	give my hair a bit of a shake
2895	tidy it up
2896	clean off the mat
2897	use a lime
2898	slice up one
2899	use one teaspoon of pure maple syrup
2900	add a frozen banana
2901	combine our dry ingredients
2902	use plain full cream regular yogurt
2903	use other leafy greens like swiss chard or kale
2904	blend until smooth
2905	pour it into a glass mason jar
2906	make an arrangement
2907	go on the bed
2908	get a little bit of decor
2909	try them out
2910	use water
2911	vacuum up
2912	massage the kale
2913	sit on the floor in front of the couch
2914	break down the fibers in the kale
2915	use some burt bees lip balm
2916	start with the succulents
2917	use a pen or marker
2918	add healthy protein
2919	put it all through the food processor
2920	chop up pink lady apples
2921	place it right into the mason jar
2922	snuggle under the blanket
2923	go to roast some baby potatoes
2924	drill some holes with a drill
2925	bake the guys
2926	roll it once or twice on the bottom of these
2927	spray down very liberally
2928	set it
2929	top it up with water
2930	empty out the bins
2931	make some blueberry quick oats packet of your favorite instant oatmeal
2932	put your pasta
2933	use a serum or an oil underneath
2934	head straight into the bathroom
2935	add some onions
2936	use a satin pillowcase
2937	use dream cream all over my body
2938	sticks that lincoln
2939	scroll through the many social media platforms
2940	clean surfaces
2941	clean the bathtub
2942	make some tea
2943	add tablespoons of dry whole rolled oats
2944	reach into the middle
2945	use almond butter or natural peanut butter
