Video_URL,Video_Name
https://www.youtube.com/watch?v=U64hQuwS8Uw,My Morning Routine!
https://www.youtube.com/watch?v=mfi3upYfYvc,MY NIGHT ROUTINE + Tips for Better Sleep!
https://www.youtube.com/watch?v=PwJP1r4ZeVg,MY DIET ROUTINE ♥ Healthy Meal Ideas
https://www.youtube.com/watch?v=tdsO9_U39-M,My Fitness Routine!
https://www.youtube.com/watch?v=6IidVKUlEVY,My Night Routine!
https://www.youtube.com/watch?v=zTthuA0a-2g,My Morning Routine ☀ Fall Weekend Edition
https://www.youtube.com/watch?v=uTRnSDg2j-I,Relax With Me ♡ My De-Stress Routine
https://www.youtube.com/watch?v=JXBdEAAZgdw,A DAY IN MY LIFE ♢ Sunday Funday!
https://www.youtube.com/watch?v=849XeOkSt04,Spring Morning Routine!
https://www.youtube.com/watch?v=151dAweSuuo,MY NIGHT ROUTINE: Pregnancy Edition!
https://www.youtube.com/watch?v=1yg1ScTWCnQ,Day in the Life with A Baby ♥️ Our Daytime Routine
https://www.youtube.com/watch?v=3FUlBg9Ac-Y,MORNING ROUTINE WITH A BABY!
https://www.youtube.com/watch?v=KtG0hlzQJwQ,A Day in the Life of the World's Happiest Baby!
https://www.youtube.com/watch?v=SaSQGaTHURQ,My Productive Morning Routine & How I Plan!
https://www.youtube.com/watch?v=hCjWXglheW4,My Self Care Rituals / 10 Ways to Take Care of Yourself
